# Blender 4.3.2
# www.blender.org
mtllib school_background.mtl
o Cube
v 2.304878 1.002813 -1.896208
v 2.304878 -1.002813 -1.896208
v 2.304878 1.002813 1.896208
v 2.304878 -1.002813 1.896208
v -2.304878 1.002813 -1.896208
v -2.304878 -1.002813 -1.896208
v -2.304878 1.002813 1.896208
v -2.304878 -1.002813 1.896208
vn -0.0000 1.0000 -0.0000
vn -0.0000 -0.0000 1.0000
vn -1.0000 -0.0000 -0.0000
vn -0.0000 -1.0000 -0.0000
vn 1.0000 -0.0000 -0.0000
vn -0.0000 -0.0000 -1.0000
vt 0.625000 0.500000
vt 0.875000 0.500000
vt 0.875000 0.750000
vt 0.625000 0.750000
vt 0.375000 0.750000
vt 0.625000 1.000000
vt 0.375000 1.000000
vt 0.375000 0.000000
vt 0.625000 0.000000
vt 0.625000 0.250000
vt 0.375000 0.250000
vt 0.125000 0.500000
vt 0.375000 0.500000
vt 0.125000 0.750000
s 0
usemtl Material
f 1/1/1 5/2/1 7/3/1 3/4/1
f 4/5/2 3/4/2 7/6/2 8/7/2
f 8/8/3 7/9/3 5/10/3 6/11/3
f 6/12/4 2/13/4 4/5/4 8/14/4
f 2/13/5 1/1/5 3/4/5 4/5/5
f 6/11/6 5/10/6 1/1/6 2/13/6
o Cube.001
v 1.527442 1.255472 -1.753948
v 1.456179 1.306860 -1.197989
v 2.131959 1.255472 -1.256616
v 1.500877 1.274005 -1.731670
v 1.474396 1.292537 -1.692361
v 1.744594 1.255472 -1.752814
v 1.722597 1.274492 -1.729824
v 1.698242 1.293278 -1.687980
v 1.961816 1.255472 -1.734647
v 1.943676 1.274707 -1.708960
v 1.910785 1.292730 -1.668047
v 1.673392 1.306816 -1.197327
v 1.893125 1.305006 -1.198750
v 1.455375 1.306816 -1.376688
v 1.678288 1.306760 -1.380355
v 1.901319 1.304718 -1.384079
v 1.457104 1.305006 -1.557461
v 1.682887 1.304697 -1.564834
v 1.897021 1.302656 -1.560666
v 2.130581 1.255472 -1.435266
v 2.108499 1.255472 -1.613973
v 2.104880 1.274005 -1.234761
v 2.102688 1.274454 -1.417573
v 2.077584 1.274666 -1.598488
v 2.057099 1.292537 -1.212976
v 2.051435 1.293341 -1.397456
v 2.027544 1.292730 -1.571990
v 1.981967 0.951661 -1.630551
v 1.901094 1.003049 -2.061349
v 2.505611 1.003049 -1.564017
v 1.981034 0.951705 -1.809144
v 1.977403 0.953515 -1.985507
v 2.199051 0.951705 -1.629783
v 2.203341 0.951761 -1.813035
v 2.201824 0.953803 -1.991549
v 2.413423 0.953515 -1.626796
v 2.421472 0.953824 -1.811794
v 2.410362 0.955865 -1.982989
v 2.118247 1.003049 -2.060215
v 2.335469 1.003049 -2.042049
v 1.929396 0.984516 -2.084211
v 2.152939 0.984067 -2.083502
v 2.373471 0.983855 -2.063364
v 1.957779 0.965984 -2.090038
v 2.184399 0.965180 -2.087336
v 2.394742 0.965791 -2.066195
v 2.533400 0.984516 -1.587301
v 2.540482 0.965984 -1.610652
v 2.504233 1.003049 -1.742667
v 2.532597 0.984029 -1.770895
v 2.537350 0.965244 -1.796613
v 2.482151 1.003049 -1.921374
v 2.507873 0.983814 -1.953300
v 2.511501 0.965791 -1.970138
v 2.131959 1.255472 1.256616
v 1.456179 1.306860 1.197989
v 1.527442 1.255472 1.753948
v 2.104880 1.274005 1.234761
v 2.057099 1.292537 1.212975
v 2.130581 1.255472 1.435266
v 2.102636 1.274492 1.417169
v 2.051774 1.293278 1.397132
v 2.108499 1.255472 1.613973
v 2.077275 1.274707 1.599049
v 2.027544 1.292730 1.571990
v 1.455375 1.306816 1.376688
v 1.457104 1.305006 1.557461
v 1.673392 1.306816 1.197327
v 1.677849 1.306760 1.380716
v 1.682376 1.304718 1.564202
v 1.893125 1.305006 1.198750
v 1.902087 1.304697 1.384500
v 1.897021 1.302656 1.560666
v 1.744594 1.255472 1.752814
v 1.961816 1.255472 1.734647
v 1.500877 1.274005 1.731670
v 1.723089 1.274454 1.729867
v 1.942995 1.274666 1.709214
v 1.474396 1.292537 1.692361
v 1.698636 1.293341 1.687701
v 1.910785 1.292730 1.668047
v 2.505611 1.003049 1.564017
v 1.901094 1.003049 2.061349
v 1.981967 0.951661 1.630551
v 2.504233 1.003049 1.742667
v 2.482151 1.003049 1.921374
v 2.533400 0.984516 1.587301
v 2.532538 0.984067 1.771208
v 2.508060 0.983855 1.952638
v 2.540482 0.965984 1.610652
v 2.537198 0.965180 1.797091
v 2.511501 0.965791 1.970138
v 1.929397 0.984516 2.084211
v 1.957780 0.965984 2.090038
v 2.118247 1.003049 2.060216
v 2.152559 0.984029 2.083550
v 2.183819 0.965244 2.087461
v 2.335469 1.003049 2.042049
v 2.374275 0.983814 2.063210
v 2.394742 0.965791 2.066195
v 2.199051 0.951705 1.629783
v 2.413423 0.953515 1.626796
v 1.981034 0.951705 1.809144
v 2.203781 0.951761 1.812674
v 2.420767 0.953803 1.811425
v 1.977403 0.953515 1.985507
v 2.202272 0.953824 1.992129
v 2.410362 0.955865 1.982989
v -1.527442 1.255472 -1.753948
v -2.131959 1.255472 -1.256616
v -1.456179 1.306860 -1.197989
v -1.744594 1.255472 -1.752814
v -1.961816 1.255472 -1.734647
v -1.500877 1.274005 -1.731670
v -1.723089 1.274454 -1.729867
v -1.942995 1.274666 -1.709214
v -1.474396 1.292537 -1.692361
v -1.698636 1.293341 -1.687701
v -1.910785 1.292730 -1.668047
v -2.104880 1.274005 -1.234761
v -2.057099 1.292537 -1.212975
v -2.130581 1.255472 -1.435266
v -2.102636 1.274492 -1.417169
v -2.051774 1.293278 -1.397132
v -2.108499 1.255472 -1.613973
v -2.077275 1.274707 -1.599049
v -2.027544 1.292730 -1.571990
v -1.455375 1.306816 -1.376688
v -1.457104 1.305006 -1.557461
v -1.673392 1.306816 -1.197327
v -1.677849 1.306760 -1.380716
v -1.682376 1.304718 -1.564202
v -1.893125 1.305006 -1.198750
v -1.902087 1.304697 -1.384500
v -1.897021 1.302656 -1.560666
v -2.505611 1.003049 -1.564017
v -1.901094 1.003049 -2.061349
v -1.981967 0.951661 -1.630551
v -2.504233 1.003049 -1.742667
v -2.482151 1.003049 -1.921374
v -2.533400 0.984516 -1.587301
v -2.532538 0.984067 -1.771208
v -2.508060 0.983855 -1.952638
v -2.540482 0.965984 -1.610652
v -2.537198 0.965180 -1.797091
v -2.511501 0.965791 -1.970138
v -1.929397 0.984516 -2.084211
v -1.957780 0.965984 -2.090038
v -2.118247 1.003049 -2.060216
v -2.152559 0.984029 -2.083550
v -2.183819 0.965244 -2.087461
v -2.335469 1.003049 -2.042049
v -2.374275 0.983814 -2.063210
v -2.394742 0.965791 -2.066195
v -2.199051 0.951705 -1.629783
v -2.413423 0.953515 -1.626796
v -1.981034 0.951705 -1.809144
v -2.203781 0.951761 -1.812674
v -2.420767 0.953803 -1.811425
v -1.977403 0.953515 -1.985507
v -2.202272 0.953824 -1.992129
v -2.410362 0.955865 -1.982989
v -2.131959 1.255472 1.256616
v -1.527442 1.255472 1.753948
v -1.456179 1.306860 1.197989
v -2.130581 1.255472 1.435266
v -2.108499 1.255472 1.613973
v -2.104880 1.274005 1.234761
v -2.102688 1.274454 1.417573
v -2.077584 1.274666 1.598488
v -2.057099 1.292537 1.212976
v -2.051435 1.293341 1.397456
v -2.027544 1.292730 1.571990
v -1.500877 1.274005 1.731670
v -1.474396 1.292537 1.692361
v -1.744594 1.255472 1.752814
v -1.722598 1.274492 1.729824
v -1.698242 1.293278 1.687980
v -1.961816 1.255472 1.734647
v -1.943676 1.274707 1.708960
v -1.910785 1.292730 1.668047
v -1.673392 1.306816 1.197327
v -1.893125 1.305006 1.198750
v -1.455375 1.306816 1.376688
v -1.678288 1.306760 1.380355
v -1.901319 1.304718 1.384079
v -1.457104 1.305006 1.557461
v -1.682887 1.304697 1.564834
v -1.897021 1.302656 1.560666
v -1.981967 0.951661 1.630551
v -1.901094 1.003049 2.061349
v -2.505611 1.003049 1.564017
v -1.981034 0.951705 1.809144
v -1.977403 0.953515 1.985507
v -2.199051 0.951705 1.629783
v -2.203341 0.951761 1.813035
v -2.201824 0.953803 1.991549
v -2.413423 0.953515 1.626796
v -2.421472 0.953824 1.811794
v -2.410362 0.955865 1.982989
v -2.118247 1.003049 2.060215
v -2.335469 1.003049 2.042049
v -1.929396 0.984516 2.084211
v -2.152939 0.984067 2.083502
v -2.373471 0.983855 2.063364
v -1.957779 0.965984 2.090038
v -2.184399 0.965180 2.087336
v -2.394742 0.965791 2.066195
v -2.533400 0.984516 1.587301
v -2.540482 0.965984 1.610652
v -2.504233 1.003049 1.742667
v -2.532597 0.984029 1.770895
v -2.537350 0.965244 1.796613
v -2.482151 1.003049 1.921374
v -2.507873 0.983814 1.953300
v -2.511501 0.965791 1.970138
vn -0.0000 -1.0000 -0.0000
vn -0.5598 0.8286 -0.0000
vn -0.0000 0.7728 0.6346
vn -0.0000 1.0000 -0.0000
vn 0.5598 0.8286 -0.0000
vn 0.0035 0.7715 -0.6363
vn 0.0033 0.9093 -0.4161
vn -0.0016 0.9957 -0.0924
vn 0.0522 0.8056 -0.5901
vn 0.0369 0.9223 -0.3847
vn 0.0112 0.9958 -0.0908
vn 0.0002 1.0000 -0.0003
vn 0.0087 1.0000 -0.0006
vn 0.0759 0.9971 0.0019
vn 0.0006 0.9999 -0.0106
vn 0.0094 0.9999 -0.0114
vn 0.0745 0.9971 -0.0136
vn 0.5615 0.8275 -0.0045
vn 0.5163 0.8538 -0.0672
vn 0.3313 0.8536 -0.4020
vn 0.3518 0.9361 -0.0043
vn 0.3237 0.9450 -0.0457
vn 0.2072 0.9455 -0.2513
vn 0.0684 0.9942 -0.0831
vn 0.0002 -1.0000 -0.0003
vn 0.0005 -0.9999 -0.0109
vn -0.0020 -0.9930 -0.1178
vn 0.0090 -1.0000 -0.0007
vn 0.0099 -0.9999 -0.0120
vn 0.0149 -0.9926 -0.1209
vn 0.0034 0.7782 -0.6280
vn 0.0527 0.7995 -0.5984
vn 0.2704 0.9047 -0.3293
vn 0.0080 0.2620 -0.9650
vn 0.0907 0.3007 -0.9494
vn 0.4813 0.6516 -0.5863
vn 0.5531 0.8331 -0.0044
vn 0.9488 0.3156 -0.0111
vn 0.0975 -0.9952 0.0025
vn 0.5242 0.8488 -0.0685
vn 0.9232 0.3615 -0.1308
vn 0.1002 -0.9948 -0.0182
vn 0.1142 -0.9837 -0.1388
vn 0.5615 0.8275 0.0045
vn 0.3523 0.9359 0.0041
vn 0.0761 0.9971 -0.0019
vn 0.5150 0.8546 0.0672
vn 0.3242 0.9449 0.0460
vn 0.0748 0.9971 0.0136
vn 0.0002 1.0000 0.0003
vn 0.0005 0.9999 0.0106
vn -0.0016 0.9957 0.0921
vn 0.0087 1.0000 0.0007
vn 0.0094 0.9999 0.0114
vn 0.0112 0.9958 0.0904
vn 0.0035 0.7715 0.6363
vn 0.0521 0.8046 0.5915
vn 0.3307 0.8535 0.4027
vn 0.0035 0.9096 0.4156
vn 0.0367 0.9226 0.3841
vn 0.2067 0.9454 0.2518
vn 0.0684 0.9942 0.0831
vn 0.5531 0.8331 0.0044
vn 0.5231 0.8496 0.0681
vn 0.2709 0.9047 0.3287
vn 0.9496 0.3134 0.0117
vn 0.9253 0.3562 0.1306
vn 0.4825 0.6518 0.5851
vn 0.0034 0.7782 0.6280
vn 0.0077 0.2639 0.9645
vn -0.0020 -0.9930 0.1183
vn 0.0530 0.7986 0.5995
vn 0.0909 0.3053 0.9479
vn 0.0149 -0.9925 0.1215
vn 0.0002 -1.0000 0.0003
vn 0.0089 -1.0000 0.0006
vn 0.0972 -0.9953 -0.0024
vn 0.0006 -0.9999 0.0109
vn 0.0099 -0.9999 0.0121
vn 0.0997 -0.9949 0.0182
vn 0.1142 -0.9837 0.1388
vn -0.0035 0.7715 -0.6363
vn -0.0521 0.8046 -0.5915
vn -0.3307 0.8535 -0.4027
vn -0.0035 0.9096 -0.4156
vn -0.0367 0.9226 -0.3841
vn -0.2067 0.9454 -0.2518
vn -0.5615 0.8275 -0.0045
vn -0.3523 0.9359 -0.0041
vn -0.0761 0.9971 0.0019
vn -0.5150 0.8546 -0.0672
vn -0.3242 0.9449 -0.0460
vn -0.0748 0.9971 -0.0136
vn -0.0002 1.0000 -0.0003
vn -0.0005 0.9999 -0.0106
vn 0.0016 0.9957 -0.0921
vn -0.0087 1.0000 -0.0007
vn -0.0094 0.9999 -0.0114
vn -0.0112 0.9958 -0.0904
vn -0.0684 0.9942 -0.0831
vn -0.5531 0.8331 -0.0044
vn -0.5231 0.8496 -0.0681
vn -0.2709 0.9047 -0.3287
vn -0.9496 0.3134 -0.0117
vn -0.9253 0.3562 -0.1306
vn -0.4825 0.6518 -0.5851
vn -0.0034 0.7782 -0.6280
vn -0.0077 0.2639 -0.9645
vn 0.0020 -0.9930 -0.1183
vn -0.0530 0.7986 -0.5995
vn -0.0909 0.3053 -0.9479
vn -0.0149 -0.9925 -0.1215
vn -0.0002 -1.0000 -0.0003
vn -0.0089 -1.0000 -0.0006
vn -0.0972 -0.9953 0.0024
vn -0.0006 -0.9999 -0.0109
vn -0.0099 -0.9999 -0.0121
vn -0.0997 -0.9949 -0.0182
vn -0.1142 -0.9837 -0.1388
vn -0.5615 0.8275 0.0045
vn -0.5163 0.8538 0.0672
vn -0.3313 0.8536 0.4020
vn -0.3518 0.9361 0.0043
vn -0.3237 0.9450 0.0457
vn -0.2072 0.9455 0.2513
vn -0.0035 0.7715 0.6363
vn -0.0033 0.9093 0.4161
vn 0.0016 0.9957 0.0924
vn -0.0522 0.8056 0.5901
vn -0.0369 0.9223 0.3847
vn -0.0112 0.9958 0.0908
vn -0.0002 1.0000 0.0003
vn -0.0087 1.0000 0.0006
vn -0.0759 0.9971 -0.0019
vn -0.0006 0.9999 0.0106
vn -0.0094 0.9999 0.0114
vn -0.0745 0.9971 0.0136
vn -0.0684 0.9942 0.0831
vn -0.0002 -1.0000 0.0003
vn -0.0005 -0.9999 0.0109
vn 0.0020 -0.9930 0.1178
vn -0.0090 -1.0000 0.0007
vn -0.0099 -0.9999 0.0120
vn -0.0149 -0.9926 0.1209
vn -0.0034 0.7782 0.6280
vn -0.0527 0.7995 0.5984
vn -0.2704 0.9047 0.3293
vn -0.0080 0.2620 0.9650
vn -0.0907 0.3007 0.9494
vn -0.4813 0.6516 0.5863
vn -0.5531 0.8331 0.0044
vn -0.9488 0.3156 0.0111
vn -0.0975 -0.9952 -0.0025
vn -0.5242 0.8488 0.0685
vn -0.9232 0.3615 0.1308
vn -0.1002 -0.9948 0.0182
vn -0.1142 -0.9837 0.1388
vn -0.0002 -1.0000 -0.0000
vn -0.0084 -1.0000 -0.0000
vn -0.0977 -0.9952 -0.0000
vn -0.9341 0.3570 -0.0000
vn -0.5548 0.8320 -0.0000
vn -0.0000 -1.0000 -0.0002
vn -0.0000 -0.9999 -0.0103
vn -0.0000 -0.9930 -0.1184
vn -0.0000 0.3000 -0.9540
vn -0.0000 0.7768 -0.6297
vn 0.5574 0.8303 -0.0043
vn 0.5217 0.8507 -0.0645
vn 0.2982 0.8830 -0.3625
vn 0.0499 0.8008 -0.5969
vn 0.0033 0.7748 -0.6322
vn -0.0033 0.7748 0.6322
vn -0.0499 0.8008 0.5969
vn -0.2982 0.8830 0.3625
vn -0.5217 0.8507 0.0645
vn -0.5574 0.8303 0.0043
vn 0.0033 0.7748 0.6322
vn 0.0499 0.8008 0.5969
vn 0.2982 0.8830 0.3625
vn 0.5217 0.8507 0.0645
vn 0.5574 0.8303 0.0043
vn -0.0033 0.7748 -0.6322
vn -0.0499 0.8008 -0.5969
vn -0.2982 0.8830 -0.3625
vn -0.5217 0.8507 -0.0645
vn -0.5574 0.8303 -0.0043
vn -0.0000 1.0000 0.0002
vn -0.0000 0.9999 0.0100
vn -0.0000 0.9958 0.0920
vn -0.0000 0.9045 0.4264
vn -0.0000 0.7688 0.6395
vn 0.0002 1.0000 -0.0000
vn 0.0082 1.0000 -0.0000
vn 0.0758 0.9971 -0.0000
vn 0.3616 0.9323 -0.0000
vn 0.5648 0.8252 -0.0000
vn -0.0000 -1.0000 0.0002
vn -0.0000 -0.9999 0.0103
vn -0.0000 -0.9930 0.1184
vn -0.0000 0.3000 0.9540
vn -0.0000 0.7768 0.6297
vn -0.0002 1.0000 -0.0000
vn -0.0082 1.0000 -0.0000
vn -0.0758 0.9971 -0.0000
vn -0.3616 0.9323 -0.0000
vn -0.5648 0.8252 -0.0000
vn -0.0000 1.0000 -0.0002
vn -0.0000 0.9999 -0.0100
vn -0.0000 0.9958 -0.0920
vn -0.0000 0.9045 -0.4264
vn -0.0000 0.7688 -0.6395
vn 0.0002 -1.0000 -0.0000
vn 0.0084 -1.0000 -0.0000
vn 0.0977 -0.9952 -0.0000
vn 0.9341 0.3570 -0.0000
vn 0.5548 0.8320 -0.0000
vn -0.0000 0.7728 -0.6346
vt 0.154037 0.529037
vt 0.345963 0.529037
vt 0.345963 0.720963
vt 0.154037 0.720963
vt 0.411168 0.030711
vt 0.588832 0.034566
vt 0.588831 0.215434
vt 0.411168 0.219289
vt 0.411168 0.780711
vt 0.588832 0.784566
vt 0.588831 0.965434
vt 0.411168 0.969289
vt 0.661463 0.536463
vt 0.838537 0.536463
vt 0.838537 0.713537
vt 0.661463 0.713537
vt 0.411168 0.530711
vt 0.588832 0.534566
vt 0.588831 0.715434
vt 0.411168 0.719289
vt 0.588831 0.465434
vt 0.601873 0.464913
vt 0.602227 0.478073
vt 0.588842 0.478057
vt 0.615072 0.464184
vt 0.615625 0.477725
vt 0.625000 0.463593
vt 0.625000 0.477321
vt 0.602570 0.490982
vt 0.589011 0.490493
vt 0.615432 0.490439
vt 0.625000 0.490341
vt 0.648256 0.536512
vt 0.647959 0.522985
vt 0.661512 0.523256
vt 0.634896 0.536407
vt 0.634398 0.522710
vt 0.615072 0.535816
vt 0.615672 0.522248
vt 0.647679 0.500000
vt 0.661407 0.500000
vt 0.634659 0.500000
vt 0.615432 0.509561
vt 0.588842 0.521943
vt 0.602201 0.521900
vt 0.601873 0.535087
vt 0.589011 0.509507
vt 0.602539 0.509061
vt 0.616325 0.497360
vt 0.345918 0.518526
vt 0.356682 0.518297
vt 0.356474 0.529082
vt 0.345742 0.508147
vt 0.356608 0.507791
vt 0.344792 0.500000
vt 0.355764 0.500000
vt 0.367243 0.518370
vt 0.366853 0.529258
vt 0.366705 0.508295
vt 0.365949 0.500000
vt 0.411168 0.469289
vt 0.411179 0.480193
vt 0.397817 0.480757
vt 0.398122 0.469715
vt 0.411348 0.491241
vt 0.397858 0.491806
vt 0.411348 0.508759
vt 0.397831 0.508156
vt 0.375000 0.480764
vt 0.375000 0.469792
vt 0.375000 0.490949
vt 0.385322 0.508321
vt 0.398122 0.530285
vt 0.397791 0.519264
vt 0.411179 0.519807
vt 0.385234 0.529714
vt 0.384745 0.518719
vt 0.371602 0.509051
vt 0.601873 0.714913
vt 0.602227 0.728073
vt 0.588842 0.728057
vt 0.615072 0.714184
vt 0.615625 0.727725
vt 0.634896 0.713593
vt 0.634351 0.727321
vt 0.602570 0.740982
vt 0.589011 0.740493
vt 0.615432 0.740439
vt 0.634659 0.750000
vt 0.661512 0.726744
vt 0.647985 0.727041
vt 0.648256 0.713488
vt 0.661407 0.750000
vt 0.647710 0.750000
vt 0.625000 0.786407
vt 0.615072 0.785816
vt 0.615672 0.772248
vt 0.625000 0.772710
vt 0.615432 0.759561
vt 0.625000 0.759659
vt 0.588842 0.771943
vt 0.602201 0.771900
vt 0.601873 0.785087
vt 0.589011 0.759507
vt 0.602539 0.759061
vt 0.616325 0.752640
vt 0.411179 0.730193
vt 0.397817 0.730757
vt 0.398122 0.719715
vt 0.411348 0.741241
vt 0.397858 0.741806
vt 0.411348 0.758759
vt 0.397831 0.758156
vt 0.384703 0.731307
vt 0.385234 0.720286
vt 0.385322 0.741679
vt 0.375000 0.759051
vt 0.398122 0.780285
vt 0.397791 0.769265
vt 0.411179 0.769807
vt 0.375000 0.780208
vt 0.375000 0.769264
vt 0.344792 0.750000
vt 0.345742 0.741853
vt 0.356630 0.742243
vt 0.355736 0.750000
vt 0.366705 0.741705
vt 0.365949 0.750000
vt 0.356474 0.720918
vt 0.356703 0.731682
vt 0.345918 0.731474
vt 0.366853 0.720742
vt 0.367209 0.731608
vt 0.371602 0.740949
vt 0.588832 0.284566
vt 0.588842 0.271943
vt 0.602201 0.271900
vt 0.601873 0.285087
vt 0.589011 0.259507
vt 0.602539 0.259061
vt 0.589011 0.240493
vt 0.602570 0.240982
vt 0.615672 0.272248
vt 0.615072 0.285816
vt 0.615432 0.259561
vt 0.615432 0.240439
vt 0.601873 0.214913
vt 0.602227 0.228073
vt 0.588842 0.228057
vt 0.615072 0.214184
vt 0.615625 0.227725
vt 0.625000 0.213593
vt 0.625000 0.227321
vt 0.625000 0.240341
vt 0.838488 0.523256
vt 0.852015 0.522959
vt 0.851744 0.536512
vt 0.838593 0.500000
vt 0.852290 0.500000
vt 0.625000 0.286407
vt 0.625000 0.272710
vt 0.875000 0.522679
vt 0.875000 0.536407
vt 0.875000 0.509659
vt 0.626215 0.250022
vt 0.616325 0.247360
vt 0.411179 0.230193
vt 0.397817 0.230757
vt 0.398122 0.219715
vt 0.411348 0.241241
vt 0.397858 0.241806
vt 0.411348 0.258759
vt 0.397831 0.258156
vt 0.375000 0.230764
vt 0.375000 0.219792
vt 0.375000 0.240949
vt 0.375000 0.259051
vt 0.411168 0.280711
vt 0.398122 0.280285
vt 0.397791 0.269264
vt 0.411179 0.269807
vt 0.375000 0.280208
vt 0.375000 0.269264
vt 0.155208 0.500000
vt 0.154258 0.508147
vt 0.143370 0.507757
vt 0.144264 0.500000
vt 0.133295 0.508295
vt 0.134051 0.500000
vt 0.143526 0.529082
vt 0.143297 0.518318
vt 0.154082 0.518526
vt 0.133147 0.529258
vt 0.132791 0.518392
vt 0.125000 0.530208
vt 0.125000 0.519235
vt 0.125000 0.509051
vt 0.588842 0.021943
vt 0.602201 0.021900
vt 0.601873 0.035087
vt 0.589011 0.009507
vt 0.602539 0.009061
vt 0.590289 0.000000
vt 0.603770 0.000000
vt 0.615672 0.022248
vt 0.615072 0.035816
vt 0.615432 0.009561
vt 0.616676 0.000000
vt 0.601873 0.964913
vt 0.602227 0.978073
vt 0.588842 0.978057
vt 0.615072 0.964184
vt 0.615625 0.977725
vt 0.625000 0.963593
vt 0.625000 0.977321
vt 0.603770 1.000000
vt 0.590289 1.000000
vt 0.616676 1.000000
vt 0.626215 0.999979
vt 0.851744 0.713488
vt 0.852041 0.727015
vt 0.838488 0.726744
vt 0.875000 0.713593
vt 0.875000 0.727290
vt 0.625000 0.036407
vt 0.625000 0.022710
vt 0.852321 0.750000
vt 0.838593 0.750000
vt 0.875000 0.740341
vt 0.625000 0.009659
vt 0.154082 0.731474
vt 0.143318 0.731703
vt 0.143526 0.720918
vt 0.154258 0.741853
vt 0.143392 0.742209
vt 0.155208 0.750000
vt 0.144236 0.750000
vt 0.132757 0.731630
vt 0.133147 0.720742
vt 0.133295 0.741705
vt 0.134051 0.750000
vt 0.411179 0.980193
vt 0.397817 0.980757
vt 0.398122 0.969715
vt 0.412626 1.000000
vt 0.399063 1.000000
vt 0.412626 0.000000
vt 0.411348 0.008759
vt 0.397831 0.008156
vt 0.399063 0.000000
vt 0.375000 0.980764
vt 0.375000 0.969792
vt 0.375000 0.990949
vt 0.375000 0.009051
vt 0.376430 -0.000156
vt 0.398122 0.030285
vt 0.397791 0.019265
vt 0.411179 0.019807
vt 0.375000 0.030208
vt 0.375000 0.019264
vt 0.125000 0.719792
vt 0.125000 0.730736
vt 0.125000 0.740949
s 0
usemtl Material.001
f 146/15/7 36/16/7 92/17/7 198/18/7
f 200/19/8 171/20/8 118/21/8 144/22/8
f 91/23/9 65/24/9 172/25/9 199/26/9
f 10/27/10 119/28/10 173/29/10 64/30/10
f 38/31/11 11/32/11 63/33/11 90/34/11
f 9/35/12 12/36/12 15/37/12 14/38/12
f 12/36/13 13/39/13 16/40/13 15/37/13
f 13/39/14 25/41/14 26/42/14 16/40/14
f 14/38/15 15/37/15 18/43/15 17/44/15
f 15/37/16 16/40/16 19/45/16 18/43/16
f 16/40/17 26/42/17 27/46/17 19/45/17
f 10/27/18 20/47/18 23/48/18 22/49/18
f 20/47/19 21/50/19 24/51/19 23/48/19
f 21/50/20 33/52/20 34/53/20 24/51/20
f 22/49/21 23/48/21 26/54/21 25/55/21
f 23/48/22 24/51/22 27/56/22 26/54/22
f 24/51/23 34/53/23 35/57/23 27/56/23
f 11/32/24 28/58/24 31/59/24 30/60/24
f 28/58/25 29/61/25 32/62/25 31/59/25
f 29/61/26 17/44/26 18/43/26 32/62/26
f 30/60/27 31/59/27 34/53/27 33/52/27
f 31/59/28 32/62/28 35/57/28 34/53/28
f 32/62/29 18/43/29 19/45/29 35/57/29
f 19/45/30 27/46/30 35/63/30
f 36/16/31 39/64/31 42/65/31 41/66/31
f 39/64/32 40/67/32 43/68/32 42/65/32
f 40/67/33 52/69/33 53/70/33 43/68/33
f 41/66/34 42/65/34 45/71/34 44/72/34
f 42/65/35 43/68/35 46/73/35 45/71/35
f 43/68/36 53/70/36 54/74/36 46/73/36
f 37/75/37 47/76/37 50/77/37 49/78/37
f 47/76/38 48/79/38 51/80/38 50/77/38
f 48/79/39 60/81/39 61/82/39 51/80/39
f 49/78/40 50/77/40 53/83/40 52/84/40
f 50/77/41 51/80/41 54/85/41 53/83/41
f 51/80/42 61/82/42 62/86/42 54/85/42
f 38/31/43 55/87/43 58/88/43 57/89/43
f 55/87/44 56/90/44 59/91/44 58/88/44
f 56/90/45 44/72/45 45/71/45 59/91/45
f 57/89/46 58/88/46 61/82/46 60/81/46
f 58/88/47 59/91/47 62/86/47 61/82/47
f 59/91/48 45/71/48 46/73/48 62/86/48
f 46/73/49 54/74/49 62/92/49
f 63/33/50 66/93/50 69/94/50 68/95/50
f 66/93/51 67/96/51 70/97/51 69/94/51
f 67/96/52 79/98/52 80/99/52 70/97/52
f 68/95/53 69/94/53 72/100/53 71/101/53
f 69/94/54 70/97/54 73/102/54 72/100/54
f 70/97/55 80/99/55 81/103/55 73/102/55
f 64/30/56 74/104/56 77/105/56 76/106/56
f 74/104/57 75/107/57 78/108/57 77/105/57
f 75/109/58 87/110/58 88/111/58 78/112/58
f 76/106/59 77/105/59 80/99/59 79/98/59
f 77/105/60 78/108/60 81/103/60 80/99/60
f 78/112/61 88/111/61 89/113/61 81/114/61
f 65/24/62 82/115/62 85/116/62 84/117/62
f 82/115/63 83/118/63 86/119/63 85/116/63
f 83/118/64 71/101/64 72/100/64 86/119/64
f 84/117/65 85/116/65 88/111/65 87/110/65
f 85/116/66 86/119/66 89/113/66 88/111/66
f 86/119/67 72/100/67 73/102/67 89/113/67
f 73/120/68 81/114/68 89/113/68
f 90/34/69 93/121/69 96/122/69 95/123/69
f 93/121/70 94/124/70 97/125/70 96/122/70
f 94/124/71 106/126/71 107/127/71 97/125/71
f 95/123/72 96/122/72 99/128/72 98/129/72
f 96/122/73 97/125/73 100/130/73 99/128/73
f 97/125/74 107/127/74 108/131/74 100/130/74
f 91/23/75 101/132/75 104/133/75 103/134/75
f 101/132/76 102/135/76 105/136/76 104/133/76
f 102/137/77 114/138/77 115/139/77 105/140/77
f 103/134/78 104/133/78 107/127/78 106/126/78
f 104/133/79 105/136/79 108/131/79 107/127/79
f 105/140/80 115/139/80 116/141/80 108/142/80
f 92/17/81 109/143/81 112/144/81 111/145/81
f 109/143/82 110/146/82 113/147/82 112/144/82
f 110/146/83 98/129/83 99/128/83 113/147/83
f 111/145/84 112/144/84 115/139/84 114/138/84
f 112/144/85 113/147/85 116/141/85 115/139/85
f 113/147/86 99/128/86 100/130/86 116/141/86
f 100/148/87 108/142/87 116/141/87
f 117/149/88 120/150/88 123/151/88 122/152/88
f 120/150/89 121/153/89 124/154/89 123/151/89
f 121/153/90 133/155/90 134/156/90 124/154/90
f 122/152/91 123/151/91 126/157/91 125/158/91
f 123/151/92 124/154/92 127/159/92 126/157/92
f 124/154/93 134/156/93 135/160/93 127/159/93
f 118/21/94 128/161/94 131/162/94 130/163/94
f 128/161/95 129/164/95 132/165/95 131/162/95
f 129/164/96 141/166/96 142/167/96 132/165/96
f 130/163/97 131/162/97 134/156/97 133/155/97
f 131/162/98 132/165/98 135/160/98 134/156/98
f 132/165/99 142/167/99 143/168/99 135/160/99
f 119/28/100 136/169/100 139/170/100 138/171/100
f 136/169/101 137/172/101 140/173/101 139/170/101
f 137/174/102 125/158/102 126/157/102 140/175/102
f 138/171/103 139/170/103 142/176/103 141/177/103
f 139/170/104 140/173/104 143/178/104 142/176/104
f 140/175/105 126/157/105 127/159/105 143/179/105
f 127/180/106 135/160/106 143/168/106
f 144/22/107 147/181/107 150/182/107 149/183/107
f 147/181/108 148/184/108 151/185/108 150/182/108
f 148/184/109 160/186/109 161/187/109 151/185/109
f 149/183/110 150/182/110 153/188/110 152/189/110
f 150/182/111 151/185/111 154/190/111 153/188/111
f 151/185/112 161/187/112 162/191/112 154/190/112
f 145/192/113 155/193/113 158/194/113 157/195/113
f 155/193/114 156/196/114 159/197/114 158/194/114
f 156/198/115 168/199/115 169/200/115 159/201/115
f 157/195/116 158/194/116 161/187/116 160/186/116
f 158/194/117 159/197/117 162/191/117 161/187/117
f 159/201/118 169/200/118 170/202/118 162/203/118
f 146/15/119 163/204/119 166/205/119 165/206/119
f 163/204/120 164/207/120 167/208/120 166/205/120
f 164/207/121 152/209/121 153/210/121 167/208/121
f 165/206/122 166/205/122 169/200/122 168/199/122
f 166/205/123 167/208/123 170/202/123 169/200/123
f 167/208/124 153/210/124 154/211/124 170/202/124
f 154/211/125 162/203/125 170/202/125
f 171/20/126 174/212/126 177/213/126 176/214/126
f 174/212/127 175/215/127 178/216/127 177/213/127
f 175/215/128 187/217/128 188/218/128 178/216/128
f 176/214/129 177/213/129 180/219/129 179/220/129
f 177/213/130 178/216/130 181/221/130 180/219/130
f 178/216/131 188/218/131 189/222/131 181/221/131
f 172/25/132 182/223/132 185/224/132 184/225/132
f 182/223/133 183/226/133 186/227/133 185/224/133
f 183/226/134 195/228/134 196/229/134 186/227/134
f 184/225/135 185/224/135 188/230/135 187/231/135
f 185/224/136 186/227/136 189/232/136 188/230/136
f 186/227/137 196/229/137 197/233/137 189/232/137
f 173/29/138 190/234/138 193/235/138 192/236/138
f 190/234/139 191/237/139 194/238/139 193/235/139
f 191/239/140 179/220/140 180/219/140 194/240/140
f 192/236/141 193/235/141 196/241/141 195/242/141
f 193/235/142 194/238/142 197/243/142 196/241/142
f 194/240/143 180/219/143 181/221/143 197/244/143
f 181/221/144 189/222/144 197/244/144
f 198/18/145 201/245/145 204/246/145 203/247/145
f 201/245/146 202/248/146 205/249/146 204/246/146
f 202/248/147 214/250/147 215/251/147 205/249/147
f 203/247/148 204/246/148 207/252/148 206/253/148
f 204/246/149 205/249/149 208/254/149 207/252/149
f 205/249/150 215/251/150 216/255/150 208/254/150
f 199/26/151 209/256/151 212/257/151 211/258/151
f 209/256/152 210/259/152 213/260/152 212/257/152
f 210/261/153 222/262/153 223/263/153 213/264/153
f 211/258/154 212/257/154 215/265/154 214/266/154
f 212/257/155 213/260/155 216/267/155 215/265/155
f 213/264/156 223/263/156 224/268/156 216/269/156
f 200/19/157 217/270/157 220/271/157 219/272/157
f 217/270/158 218/273/158 221/274/158 220/271/158
f 218/275/159 206/253/159 207/252/159 221/276/159
f 219/272/160 220/271/160 223/263/160 222/262/160
f 220/271/161 221/274/161 224/268/161 223/263/161
f 221/276/162 207/252/162 208/254/162 224/277/162
f 208/254/163 216/255/163 224/277/163
f 146/15/164 198/18/164 203/247/164 163/204/164
f 163/204/165 203/247/165 206/253/165 164/207/165
f 164/207/166 206/253/166 218/275/166 152/209/166
f 152/189/167 218/273/167 217/270/167 149/183/167
f 149/183/168 217/270/168 200/19/168 144/22/168
f 36/16/169 146/15/169 165/206/169 39/64/169
f 39/64/170 165/206/170 168/199/170 40/67/170
f 40/67/171 168/199/171 156/198/171 52/69/171
f 52/84/172 156/196/172 155/193/172 49/78/172
f 49/78/173 155/193/173 145/192/173 37/75/173
f 11/32/174 38/31/174 57/89/174 28/58/174
f 28/58/175 57/89/175 60/81/175 29/61/175
f 29/61/176 60/81/176 48/79/176 17/44/176
f 17/44/177 48/79/177 47/76/177 14/38/177
f 14/38/178 47/76/178 37/75/178 9/35/178
f 199/26/179 172/25/179 184/225/179 209/256/179
f 209/256/180 184/225/180 187/231/180 210/259/180
f 210/261/181 187/217/181 175/215/181 222/262/181
f 222/262/182 175/215/182 174/212/182 219/272/182
f 219/272/183 174/212/183 171/20/183 200/19/183
f 65/24/184 91/23/184 103/134/184 82/115/184
f 82/115/185 103/134/185 106/126/185 83/118/185
f 83/118/186 106/126/186 94/124/186 71/101/186
f 71/101/187 94/124/187 93/121/187 68/95/187
f 68/95/188 93/121/188 90/34/188 63/33/188
f 117/149/189 145/192/189 157/195/189 120/150/189
f 120/150/190 157/195/190 160/186/190 121/153/190
f 121/153/191 160/186/191 148/184/191 133/155/191
f 133/155/192 148/184/192 147/181/192 130/163/192
f 130/163/193 147/181/193 144/22/193 118/21/193
f 64/30/194 173/29/194 192/236/194 74/104/194
f 74/104/195 192/236/195 195/242/195 75/107/195
f 75/109/196 195/228/196 183/226/196 87/110/196
f 87/110/197 183/226/197 182/223/197 84/117/197
f 84/117/198 182/223/198 172/25/198 65/24/198
f 10/27/199 64/30/199 76/106/199 20/47/199
f 20/47/200 76/106/200 79/98/200 21/50/200
f 21/50/201 79/98/201 67/96/201 33/52/201
f 33/52/202 67/96/202 66/93/202 30/60/202
f 30/60/203 66/93/203 63/33/203 11/32/203
f 198/18/204 92/17/204 111/145/204 201/245/204
f 201/245/205 111/145/205 114/138/205 202/248/205
f 202/248/206 114/138/206 102/137/206 214/250/206
f 214/266/207 102/135/207 101/132/207 211/258/207
f 211/258/208 101/132/208 91/23/208 199/26/208
f 173/29/209 119/28/209 138/171/209 190/234/209
f 190/234/210 138/171/210 141/177/210 191/237/210
f 191/239/211 141/166/211 129/164/211 179/220/211
f 179/220/212 129/164/212 128/161/212 176/214/212
f 176/214/213 128/161/213 118/21/213 171/20/213
f 119/28/214 10/27/214 22/49/214 136/169/214
f 136/169/215 22/49/215 25/55/215 137/172/215
f 137/174/216 25/41/216 13/39/216 125/158/216
f 125/158/217 13/39/217 12/36/217 122/152/217
f 122/152/218 12/36/218 9/35/218 117/149/218
f 92/17/219 36/16/219 41/66/219 109/143/219
f 109/143/220 41/66/220 44/72/220 110/146/220
f 110/146/221 44/72/221 56/90/221 98/129/221
f 98/129/222 56/90/222 55/87/222 95/123/222
f 95/123/223 55/87/223 38/31/223 90/34/223
f 145/192/224 117/149/224 9/35/224 37/75/224
o Cube.002
v -2.123949 0.140160 1.925031
v -2.123949 0.174154 1.925031
v -2.123949 0.140160 1.891037
v -2.123949 0.174154 1.891037
v -2.089954 0.140160 1.925031
v -2.089954 0.174154 1.925031
v -2.089954 0.140160 1.891037
v -2.089954 0.174154 1.891037
v -2.123949 0.336223 1.925031
v -2.123949 0.336223 1.891037
v -2.089954 0.336223 1.925031
v -2.089954 0.336223 1.891037
v -1.850956 0.140384 1.925031
v -1.850956 0.174378 1.925031
v -1.850956 0.140384 1.891037
v -1.850956 0.174378 1.891037
v -1.816962 0.140384 1.925031
v -1.816962 0.174378 1.925031
v -1.816962 0.140384 1.891037
v -1.816962 0.174378 1.891037
v -1.850956 0.336447 1.925031
v -1.850956 0.336447 1.891037
v -1.816962 0.336447 1.925031
v -1.816962 0.336447 1.891037
v -2.123949 0.629160 1.925031
v -2.123949 0.629160 1.891037
v -2.089954 0.629160 1.925031
v -2.089954 0.629160 1.891037
v -1.850956 0.629384 1.925031
v -1.850956 0.629384 1.891037
v -1.816962 0.629384 1.925031
v -1.816962 0.629384 1.891037
v -2.075092 0.762743 1.925031
v -2.075092 0.762743 1.891037
v -2.060342 0.743529 1.925031
v -2.060342 0.743529 1.891037
v -1.881522 0.744567 1.925031
v -1.881522 0.744567 1.891037
v -1.864866 0.762154 1.925031
v -1.864866 0.762154 1.891037
v -2.029072 0.798072 1.925031
v -2.029072 0.798072 1.891037
v -2.014321 0.778858 1.925031
v -2.014321 0.778858 1.891037
v -1.926491 0.777777 1.925031
v -1.926491 0.782775 1.891037
v -1.916876 0.799401 1.925031
v -1.916876 0.799401 1.891037
v -1.978617 0.140254 1.891037
v -1.978617 0.140254 1.925031
v -1.978617 0.174249 1.925031
v -1.978617 0.174249 1.891037
v -1.949210 0.140301 1.891037
v -1.949210 0.140301 1.925031
v -1.949210 0.174296 1.925031
v -1.949210 0.174296 1.891037
v -1.979591 0.781090 1.925031
v -1.950184 0.781137 1.925031
v -1.950184 0.781137 1.891037
v -2.089954 0.545837 1.925031
v -2.089954 0.545837 1.891037
v -2.123949 0.545837 1.891037
v -2.123949 0.545837 1.925031
v -2.089954 0.507786 1.891037
v -2.123949 0.507786 1.925031
v -2.089954 0.507786 1.925031
v -2.123949 0.507786 1.891037
v -1.848852 0.545837 1.925031
v -1.848852 0.545837 1.891037
v -1.848852 0.507786 1.891037
v -1.848852 0.507786 1.925031
v -1.979577 0.772373 1.925031
v -1.979577 0.772373 1.891037
v -1.950170 0.772420 1.891037
v -1.565233 0.140160 1.925031
v -1.565233 0.174154 1.925031
v -1.565233 0.140160 1.891037
v -1.565233 0.174154 1.891037
v -1.531239 0.140160 1.925031
v -1.531239 0.174154 1.925031
v -1.531239 0.140160 1.891037
v -1.531239 0.174154 1.891037
v -1.565233 0.336223 1.925031
v -1.565233 0.336223 1.891037
v -1.531239 0.336223 1.925031
v -1.531239 0.336223 1.891037
v -1.292241 0.140384 1.925031
v -1.292241 0.174378 1.925031
v -1.292241 0.140384 1.891037
v -1.292241 0.174378 1.891037
v -1.258247 0.140384 1.925031
v -1.258247 0.174378 1.925031
v -1.258247 0.140384 1.891037
v -1.258247 0.174378 1.891037
v -1.292241 0.336447 1.925031
v -1.292241 0.336447 1.891037
v -1.258247 0.336447 1.925031
v -1.258247 0.336447 1.891037
v -1.565233 0.629160 1.925031
v -1.565233 0.629160 1.891037
v -1.531239 0.629160 1.925031
v -1.531239 0.629160 1.891037
v -1.292241 0.629384 1.925031
v -1.292241 0.629384 1.891037
v -1.258247 0.629384 1.925031
v -1.258247 0.629384 1.891037
v -1.516376 0.762743 1.925031
v -1.516376 0.762743 1.891037
v -1.501626 0.743529 1.925031
v -1.501626 0.743529 1.891037
v -1.322807 0.744567 1.925031
v -1.322807 0.744567 1.891037
v -1.306150 0.762154 1.925031
v -1.306150 0.762154 1.891037
v -1.470356 0.798072 1.925031
v -1.470356 0.798072 1.891037
v -1.455606 0.778858 1.925031
v -1.455606 0.778858 1.891037
v -1.367775 0.777777 1.925031
v -1.367775 0.782775 1.891037
v -1.358161 0.799401 1.925031
v -1.358161 0.799401 1.891037
v -1.419902 0.140254 1.891037
v -1.419902 0.140254 1.925031
v -1.419902 0.174249 1.925031
v -1.419902 0.174249 1.891037
v -1.390495 0.140301 1.891037
v -1.390495 0.140301 1.925031
v -1.390495 0.174296 1.925031
v -1.390495 0.174296 1.891037
v -1.420875 0.781090 1.925031
v -1.391468 0.781137 1.925031
v -1.391468 0.781137 1.891037
v -1.531239 0.545837 1.925031
v -1.531239 0.545837 1.891037
v -1.565233 0.545837 1.891037
v -1.565233 0.545837 1.925031
v -1.531239 0.507786 1.891037
v -1.565233 0.507786 1.925031
v -1.531239 0.507786 1.925031
v -1.565233 0.507786 1.891037
v -1.290136 0.545837 1.925031
v -1.290136 0.545837 1.891037
v -1.290136 0.507786 1.891037
v -1.290136 0.507786 1.925031
v -1.420861 0.772373 1.925031
v -1.420861 0.772373 1.891037
v -1.391454 0.772420 1.891037
v -1.006518 0.140160 1.925031
v -1.006518 0.174154 1.925031
v -1.006518 0.140160 1.891037
v -1.006518 0.174154 1.891037
v -0.972523 0.140160 1.925031
v -0.972523 0.174154 1.925031
v -0.972523 0.140160 1.891037
v -0.972523 0.174154 1.891037
v -1.006518 0.336223 1.925031
v -1.006518 0.336223 1.891037
v -0.972523 0.336223 1.925031
v -0.972523 0.336223 1.891037
v -0.733525 0.140384 1.925031
v -0.733525 0.174378 1.925031
v -0.733525 0.140384 1.891037
v -0.733525 0.174378 1.891037
v -0.699531 0.140384 1.925031
v -0.699531 0.174378 1.925031
v -0.699531 0.140384 1.891037
v -0.699531 0.174378 1.891037
v -0.733525 0.336447 1.925031
v -0.733525 0.336447 1.891037
v -0.699531 0.336447 1.925031
v -0.699531 0.336447 1.891037
v -1.006518 0.629160 1.925031
v -1.006518 0.629160 1.891037
v -0.972523 0.629160 1.925031
v -0.972523 0.629160 1.891037
v -0.733525 0.629384 1.925031
v -0.733525 0.629384 1.891037
v -0.699531 0.629384 1.925031
v -0.699531 0.629384 1.891037
v -0.957661 0.762743 1.925031
v -0.957661 0.762743 1.891037
v -0.942910 0.743529 1.925031
v -0.942910 0.743529 1.891037
v -0.764091 0.744567 1.925031
v -0.764091 0.744567 1.891037
v -0.747434 0.762154 1.925031
v -0.747434 0.762154 1.891037
v -0.911640 0.798072 1.925031
v -0.911640 0.798072 1.891037
v -0.896890 0.778858 1.925031
v -0.896890 0.778858 1.891037
v -0.809060 0.777777 1.925031
v -0.809060 0.782775 1.891037
v -0.799445 0.799401 1.925031
v -0.799445 0.799401 1.891037
v -0.861186 0.140254 1.891037
v -0.861186 0.140254 1.925031
v -0.861186 0.174249 1.925031
v -0.861186 0.174249 1.891037
v -0.831779 0.140301 1.891037
v -0.831779 0.140301 1.925031
v -0.831779 0.174296 1.925031
v -0.831779 0.174296 1.891037
v -0.862159 0.781090 1.925031
v -0.832752 0.781137 1.925031
v -0.832752 0.781137 1.891037
v -0.972523 0.545837 1.925031
v -0.972523 0.545837 1.891037
v -1.006518 0.545837 1.891037
v -1.006518 0.545837 1.925031
v -0.972523 0.507786 1.891037
v -1.006518 0.507786 1.925031
v -0.972523 0.507786 1.925031
v -1.006518 0.507786 1.891037
v -0.731421 0.545837 1.925031
v -0.731421 0.545837 1.891037
v -0.731421 0.507786 1.891037
v -0.731421 0.507786 1.925031
v -0.862146 0.772373 1.925031
v -0.862146 0.772373 1.891037
v -0.832739 0.772420 1.891037
v -0.447802 0.140160 1.925031
v -0.447802 0.174154 1.925031
v -0.447802 0.140160 1.891037
v -0.447802 0.174154 1.891037
v -0.413808 0.140160 1.925031
v -0.413808 0.174154 1.925031
v -0.413808 0.140160 1.891037
v -0.413808 0.174154 1.891037
v -0.447802 0.336223 1.925031
v -0.447802 0.336223 1.891037
v -0.413808 0.336223 1.925031
v -0.413808 0.336223 1.891037
v -0.174810 0.140384 1.925031
v -0.174810 0.174378 1.925031
v -0.174810 0.140384 1.891037
v -0.174810 0.174378 1.891037
v -0.140815 0.140384 1.925031
v -0.140815 0.174378 1.925031
v -0.140815 0.140384 1.891037
v -0.140815 0.174378 1.891037
v -0.174810 0.336447 1.925031
v -0.174810 0.336447 1.891037
v -0.140815 0.336447 1.925031
v -0.140815 0.336447 1.891037
v -0.447802 0.629160 1.925031
v -0.447802 0.629160 1.891037
v -0.413808 0.629160 1.925031
v -0.413808 0.629160 1.891037
v -0.174810 0.629384 1.925031
v -0.174810 0.629384 1.891037
v -0.140815 0.629384 1.925031
v -0.140815 0.629384 1.891037
v -0.398945 0.762743 1.925031
v -0.398945 0.762743 1.891037
v -0.384195 0.743529 1.925031
v -0.384195 0.743529 1.891037
v -0.205376 0.744567 1.925031
v -0.205376 0.744567 1.891037
v -0.188719 0.762154 1.925031
v -0.188719 0.762154 1.891037
v -0.352925 0.798072 1.925031
v -0.352925 0.798072 1.891037
v -0.338174 0.778858 1.925031
v -0.338174 0.778858 1.891037
v -0.250344 0.777777 1.925031
v -0.250344 0.782775 1.891037
v -0.240729 0.799401 1.925031
v -0.240729 0.799401 1.891037
v -0.302471 0.140254 1.891037
v -0.302471 0.140254 1.925031
v -0.302471 0.174249 1.925031
v -0.302471 0.174249 1.891037
v -0.273064 0.140301 1.891037
v -0.273064 0.140301 1.925031
v -0.273064 0.174296 1.925031
v -0.273064 0.174296 1.891037
v -0.303444 0.781090 1.925031
v -0.274037 0.781137 1.925031
v -0.274037 0.781137 1.891037
v -0.413808 0.545837 1.925031
v -0.413808 0.545837 1.891037
v -0.447802 0.545837 1.891037
v -0.447802 0.545837 1.925031
v -0.413808 0.507786 1.891037
v -0.447802 0.507786 1.925031
v -0.413808 0.507786 1.925031
v -0.447802 0.507786 1.891037
v -0.172705 0.545837 1.925031
v -0.172705 0.545837 1.891037
v -0.172705 0.507786 1.891037
v -0.172705 0.507786 1.925031
v -0.303430 0.772373 1.925031
v -0.303430 0.772373 1.891037
v -0.274023 0.772420 1.891037
v 0.110914 0.140160 1.925031
v 0.110914 0.174154 1.925031
v 0.110914 0.140160 1.891037
v 0.110914 0.174154 1.891037
v 0.144908 0.140160 1.925031
v 0.144908 0.174154 1.925031
v 0.144908 0.140160 1.891037
v 0.144908 0.174154 1.891037
v 0.110914 0.336223 1.925031
v 0.110914 0.336223 1.891037
v 0.144908 0.336223 1.925031
v 0.144908 0.336223 1.891037
v 0.383906 0.140384 1.925031
v 0.383906 0.174378 1.925031
v 0.383906 0.140384 1.891037
v 0.383906 0.174378 1.891037
v 0.417900 0.140384 1.925031
v 0.417900 0.174378 1.925031
v 0.417900 0.140384 1.891037
v 0.417900 0.174378 1.891037
v 0.383906 0.336447 1.925031
v 0.383906 0.336447 1.891037
v 0.417900 0.336447 1.925031
v 0.417900 0.336447 1.891037
v 0.110914 0.629160 1.925031
v 0.110914 0.629160 1.891037
v 0.144908 0.629160 1.925031
v 0.144908 0.629160 1.891037
v 0.383906 0.629384 1.925031
v 0.383906 0.629384 1.891037
v 0.417900 0.629384 1.925031
v 0.417900 0.629384 1.891037
v 0.159770 0.762743 1.925031
v 0.159770 0.762743 1.891037
v 0.174521 0.743529 1.925031
v 0.174521 0.743529 1.891037
v 0.353340 0.744567 1.925031
v 0.353340 0.744567 1.891037
v 0.369997 0.762154 1.925031
v 0.369997 0.762154 1.891037
v 0.205791 0.798072 1.925031
v 0.205791 0.798072 1.891037
v 0.220541 0.778858 1.925031
v 0.220541 0.778858 1.891037
v 0.308371 0.777777 1.925031
v 0.308371 0.782775 1.891037
v 0.317986 0.799401 1.925031
v 0.317986 0.799401 1.891037
v 0.256245 0.140254 1.891037
v 0.256245 0.140254 1.925031
v 0.256245 0.174249 1.925031
v 0.256245 0.174249 1.891037
v 0.285652 0.140301 1.891037
v 0.285652 0.140301 1.925031
v 0.285652 0.174296 1.925031
v 0.285652 0.174296 1.891037
v 0.255272 0.781090 1.925031
v 0.284679 0.781137 1.925031
v 0.284679 0.781137 1.891037
v 0.144908 0.545837 1.925031
v 0.144908 0.545837 1.891037
v 0.110914 0.545837 1.891037
v 0.110914 0.545837 1.925031
v 0.144908 0.507786 1.891037
v 0.110914 0.507786 1.925031
v 0.144908 0.507786 1.925031
v 0.110914 0.507786 1.891037
v 0.386010 0.545837 1.925031
v 0.386010 0.545837 1.891037
v 0.386010 0.507786 1.891037
v 0.386010 0.507786 1.925031
v 0.255286 0.772373 1.925031
v 0.255286 0.772373 1.891037
v 0.284693 0.772420 1.891037
v 0.669629 0.140160 1.925031
v 0.669629 0.174154 1.925031
v 0.669629 0.140160 1.891037
v 0.669629 0.174154 1.891037
v 0.703624 0.140160 1.925031
v 0.703624 0.174154 1.925031
v 0.703624 0.140160 1.891037
v 0.703624 0.174154 1.891037
v 0.669629 0.336223 1.925031
v 0.669629 0.336223 1.891037
v 0.703624 0.336223 1.925031
v 0.703624 0.336223 1.891037
v 0.942621 0.140384 1.925031
v 0.942621 0.174378 1.925031
v 0.942621 0.140384 1.891037
v 0.942621 0.174378 1.891037
v 0.976616 0.140384 1.925031
v 0.976616 0.174378 1.925031
v 0.976616 0.140384 1.891037
v 0.976616 0.174378 1.891037
v 0.942621 0.336447 1.925031
v 0.942621 0.336447 1.891037
v 0.976616 0.336447 1.925031
v 0.976616 0.336447 1.891037
v 0.669629 0.629160 1.925031
v 0.669629 0.629160 1.891037
v 0.703624 0.629160 1.925031
v 0.703624 0.629160 1.891037
v 0.942621 0.629384 1.925031
v 0.942621 0.629384 1.891037
v 0.976616 0.629384 1.925031
v 0.976616 0.629384 1.891037
v 0.718486 0.762743 1.925031
v 0.718486 0.762743 1.891037
v 0.733236 0.743529 1.925031
v 0.733236 0.743529 1.891037
v 0.912055 0.744567 1.925031
v 0.912055 0.744567 1.891037
v 0.928712 0.762154 1.925031
v 0.928712 0.762154 1.891037
v 0.764507 0.798072 1.925031
v 0.764507 0.798072 1.891037
v 0.779257 0.778858 1.925031
v 0.779257 0.778858 1.891037
v 0.867087 0.777777 1.925031
v 0.867087 0.782775 1.891037
v 0.876702 0.799401 1.925031
v 0.876702 0.799401 1.891037
v 0.814960 0.140254 1.891037
v 0.814960 0.140254 1.925031
v 0.814960 0.174249 1.925031
v 0.814960 0.174249 1.891037
v 0.844368 0.140301 1.891037
v 0.844368 0.140301 1.925031
v 0.844368 0.174296 1.925031
v 0.844368 0.174296 1.891037
v 0.813987 0.781090 1.925031
v 0.843394 0.781137 1.925031
v 0.843394 0.781137 1.891037
v 0.703624 0.545837 1.925031
v 0.703624 0.545837 1.891037
v 0.669629 0.545837 1.891037
v 0.669629 0.545837 1.925031
v 0.703624 0.507786 1.891037
v 0.669629 0.507786 1.925031
v 0.703624 0.507786 1.925031
v 0.669629 0.507786 1.891037
v 0.944726 0.545837 1.925031
v 0.944726 0.545837 1.891037
v 0.944726 0.507786 1.891037
v 0.944726 0.507786 1.925031
v 0.814001 0.772373 1.925031
v 0.814001 0.772373 1.891037
v 0.843408 0.772420 1.891037
v 1.228345 0.140160 1.925031
v 1.228345 0.174154 1.925031
v 1.228345 0.140160 1.891037
v 1.228345 0.174154 1.891037
v 1.262339 0.140160 1.925031
v 1.262339 0.174154 1.925031
v 1.262339 0.140160 1.891037
v 1.262339 0.174154 1.891037
v 1.228345 0.336223 1.925031
v 1.228345 0.336223 1.891037
v 1.262339 0.336223 1.925031
v 1.262339 0.336223 1.891037
v 1.501337 0.140384 1.925031
v 1.501337 0.174378 1.925031
v 1.501337 0.140384 1.891037
v 1.501337 0.174378 1.891037
v 1.535331 0.140384 1.925031
v 1.535331 0.174378 1.925031
v 1.535331 0.140384 1.891037
v 1.535331 0.174378 1.891037
v 1.501337 0.336447 1.925031
v 1.501337 0.336447 1.891037
v 1.535331 0.336447 1.925031
v 1.535331 0.336447 1.891037
v 1.228345 0.629160 1.925031
v 1.228345 0.629160 1.891037
v 1.262339 0.629160 1.925031
v 1.262339 0.629160 1.891037
v 1.501337 0.629384 1.925031
v 1.501337 0.629384 1.891037
v 1.535331 0.629384 1.925031
v 1.535331 0.629384 1.891037
v 1.277201 0.762743 1.925031
v 1.277201 0.762743 1.891037
v 1.291952 0.743529 1.925031
v 1.291952 0.743529 1.891037
v 1.470771 0.744567 1.925031
v 1.470771 0.744567 1.891037
v 1.487428 0.762154 1.925031
v 1.487428 0.762154 1.891037
v 1.323222 0.798072 1.925031
v 1.323222 0.798072 1.891037
v 1.337972 0.778858 1.925031
v 1.337972 0.778858 1.891037
v 1.425802 0.777777 1.925031
v 1.425802 0.782775 1.891037
v 1.435417 0.799401 1.925031
v 1.435417 0.799401 1.891037
v 1.373676 0.140254 1.891037
v 1.373676 0.140254 1.925031
v 1.373676 0.174249 1.925031
v 1.373676 0.174249 1.891037
v 1.403083 0.140301 1.891037
v 1.403083 0.140301 1.925031
v 1.403083 0.174296 1.925031
v 1.403083 0.174296 1.891037
v 1.372703 0.781090 1.925031
v 1.402110 0.781137 1.925031
v 1.402110 0.781137 1.891037
v 1.262339 0.545837 1.925031
v 1.262339 0.545837 1.891037
v 1.228345 0.545837 1.891037
v 1.228345 0.545837 1.925031
v 1.262339 0.507786 1.891037
v 1.228345 0.507786 1.925031
v 1.262339 0.507786 1.925031
v 1.228345 0.507786 1.891037
v 1.503441 0.545837 1.925031
v 1.503441 0.545837 1.891037
v 1.503441 0.507786 1.891037
v 1.503441 0.507786 1.925031
v 1.372717 0.772373 1.925031
v 1.372717 0.772373 1.891037
v 1.402124 0.772420 1.891037
v 1.787060 0.140160 1.925031
v 1.787060 0.174154 1.925031
v 1.787060 0.140160 1.891037
v 1.787060 0.174154 1.891037
v 1.821055 0.140160 1.925031
v 1.821055 0.174154 1.925031
v 1.821055 0.140160 1.891037
v 1.821055 0.174154 1.891037
v 1.787060 0.336223 1.925031
v 1.787060 0.336223 1.891037
v 1.821055 0.336223 1.925031
v 1.821055 0.336223 1.891037
v 2.060053 0.140384 1.925031
v 2.060053 0.174378 1.925031
v 2.060053 0.140384 1.891037
v 2.060053 0.174378 1.891037
v 2.094047 0.140384 1.925031
v 2.094047 0.174378 1.925031
v 2.094047 0.140384 1.891037
v 2.094047 0.174378 1.891037
v 2.060053 0.336447 1.925031
v 2.060053 0.336447 1.891037
v 2.094047 0.336447 1.925031
v 2.094047 0.336447 1.891037
v 1.787060 0.629160 1.925031
v 1.787060 0.629160 1.891037
v 1.821055 0.629160 1.925031
v 1.821055 0.629160 1.891037
v 2.060053 0.629384 1.925031
v 2.060053 0.629384 1.891037
v 2.094047 0.629384 1.925031
v 2.094047 0.629384 1.891037
v 1.835917 0.762743 1.925031
v 1.835917 0.762743 1.891037
v 1.850667 0.743529 1.925031
v 1.850667 0.743529 1.891037
v 2.029486 0.744567 1.925031
v 2.029486 0.744567 1.891037
v 2.046143 0.762154 1.925031
v 2.046143 0.762154 1.891037
v 1.881938 0.798072 1.925031
v 1.881938 0.798072 1.891037
v 1.896688 0.778858 1.925031
v 1.896688 0.778858 1.891037
v 1.984518 0.777777 1.925031
v 1.984518 0.782775 1.891037
v 1.994133 0.799401 1.925031
v 1.994133 0.799401 1.891037
v 1.932391 0.140254 1.891037
v 1.932391 0.140254 1.925031
v 1.932391 0.174249 1.925031
v 1.932391 0.174249 1.891037
v 1.961798 0.140301 1.891037
v 1.961798 0.140301 1.925031
v 1.961798 0.174296 1.925031
v 1.961798 0.174296 1.891037
v 1.931418 0.781090 1.925031
v 1.960825 0.781137 1.925031
v 1.960825 0.781137 1.891037
v 1.821055 0.545837 1.925031
v 1.821055 0.545837 1.891037
v 1.787060 0.545837 1.891037
v 1.787060 0.545837 1.925031
v 1.821055 0.507786 1.891037
v 1.787060 0.507786 1.925031
v 1.821055 0.507786 1.925031
v 1.787060 0.507786 1.891037
v 2.062157 0.545837 1.925031
v 2.062157 0.545837 1.891037
v 2.062157 0.507786 1.891037
v 2.062157 0.507786 1.925031
v 1.931432 0.772373 1.925031
v 1.931432 0.772373 1.891037
v 1.960839 0.772420 1.891037
vn 1.0000 -0.0000 -0.0000
vn -0.0000 -0.0000 1.0000
vn -0.0000 -0.0000 -1.0000
vn -0.0000 1.0000 -0.0000
vn -1.0000 -0.0000 -0.0000
vn 0.0008 -1.0000 -0.0000
vn -0.0000 -1.0000 -0.0000
vn -0.0008 1.0000 -0.0000
vn -0.6089 0.7932 -0.0000
vn 0.9406 0.3394 -0.0000
vn -0.9665 -0.2565 -0.0000
vn -0.9681 0.2507 -0.0000
vn 0.9392 -0.3435 -0.0000
vn 0.0161 -0.9972 -0.0733
vn 0.6089 -0.7932 -0.0000
vn 0.5822 0.8130 -0.0000
vn -0.6208 -0.7818 -0.0575
vn -0.0118 0.9999 -0.0000
vn -0.0016 1.0000 -0.0000
vn 0.0016 -1.0000 -0.0000
vn 1.0000 0.0016 -0.0000
vt 0.375000 0.000000
vt 0.375000 0.250000
vt 0.625000 0.250000
vt 0.625000 0.000000
vt 0.375000 0.500000
vt 0.625000 0.500000
vt 0.375000 0.855516
vt 0.625000 0.855516
vt 0.625000 0.750000
vt 0.375000 0.750000
vt 0.375000 1.000000
vt 0.625000 1.000000
vt 0.125000 0.500000
vt 0.125000 0.750000
vt 0.269484 0.500000
vt 0.269484 0.750000
vt 0.625000 0.433453
vt 0.625000 0.394484
vt 0.375000 0.394484
vt 0.625000 0.341831
vt 0.375000 0.341831
vt 0.625000 0.275492
vt 0.216831 0.500000
vt 0.216831 0.750000
vt 0.375000 0.908170
vt 0.625000 0.908169
s 0
f 225/278/225 227/279/225 228/280/225 226/281/225
f 227/279/226 231/282/226 232/283/226 228/280/226
f 274/284/226 275/285/226 230/286/226 229/287/226
f 229/287/227 225/288/227 226/289/227 230/286/227
f 227/290/228 225/291/228 229/287/228 231/282/228
f 232/283/226 236/283/226 234/280/226 228/280/226
f 247/286/225 248/283/225 256/283/225 255/286/225
f 230/286/229 235/286/229 236/283/229 232/283/229
f 228/280/225 234/280/225 233/281/225 226/281/225
f 226/289/227 233/289/227 235/286/227 230/286/227
f 273/292/230 274/293/230 229/287/230 231/282/230
f 239/279/227 240/280/227 244/283/227 243/282/227
f 243/282/225 244/283/225 242/286/225 241/287/225
f 241/287/226 242/286/226 238/289/226 237/288/226
f 239/290/231 243/282/231 241/287/231 237/291/231
f 244/283/227 240/280/227 246/280/227 248/283/227
f 285/283/229 284/286/229 251/286/229 252/283/229
f 242/286/225 244/283/225 248/283/225 247/286/225
f 240/280/229 238/281/229 245/281/229 246/280/229
f 238/289/226 242/286/226 247/286/226 245/289/226
f 275/294/232 276/295/232 232/283/232 230/286/232
f 276/295/227 273/296/227 231/282/227 232/283/227
f 256/283/227 254/280/227 262/280/227 264/283/227
f 253/289/226 255/286/226 263/286/226 261/289/226
f 287/281/225 286/280/225 250/280/225 249/281/225
f 246/280/229 245/281/229 253/281/229 254/280/229
f 284/286/227 287/289/227 249/289/227 251/286/227
f 245/289/226 247/286/226 255/286/226 253/289/226
f 286/280/226 285/283/226 252/283/226 250/280/226
f 248/283/227 246/280/227 254/280/227 256/283/227
f 260/283/233 259/286/233 267/286/233 268/283/233
f 261/289/226 263/286/226 271/286/226 269/289/226
f 251/286/227 249/289/227 257/289/227 259/286/227
f 250/280/226 252/283/226 260/283/226 258/280/226
f 255/286/234 256/283/234 264/283/234 263/286/234
f 254/280/235 253/281/235 261/281/235 262/280/235
f 252/283/236 251/286/236 259/286/236 260/283/236
f 249/281/237 250/280/237 258/280/237 257/281/237
f 270/280/238 269/281/238 267/286/238 268/283/238
f 257/281/239 258/280/239 266/280/239 265/281/239
f 259/286/227 257/289/227 265/289/227 267/286/227
f 258/280/226 260/283/226 268/283/226 266/280/226
f 272/283/227 270/280/227 268/283/227 266/280/227
f 264/283/227 262/280/227 270/280/227 272/283/227
f 263/286/240 264/283/240 272/283/240 271/286/240
f 262/280/241 261/281/241 269/281/241 270/280/241
f 269/289/226 271/286/226 265/289/226 267/286/226
f 271/286/242 272/283/242 266/280/242 265/281/242
f 280/297/227 277/298/227 273/296/227 276/295/227
f 279/299/243 280/297/243 276/295/243 275/294/243
f 277/300/244 278/301/244 274/293/244 273/292/244
f 278/302/226 279/303/226 275/285/226 274/284/226
f 237/288/226 238/289/226 279/303/226 278/302/226
f 239/290/230 237/291/230 278/301/230 277/300/230
f 238/281/232 240/280/232 280/297/232 279/299/232
f 240/280/227 239/279/227 277/298/227 280/297/227
f 279/299/245 280/297/245 283/297/245 282/299/245
f 275/294/226 279/299/226 282/299/226 281/294/226
f 291/280/226 288/283/226 285/283/226 286/280/226
f 290/286/227 289/289/227 287/289/227 284/286/227
f 289/281/225 291/280/225 286/280/225 287/281/225
f 290/286/227 284/286/227 292/286/227 295/286/227
f 236/283/229 235/286/229 290/286/229 288/283/229
f 233/281/225 234/280/225 291/280/225 289/281/225
f 235/286/227 233/289/227 289/289/227 290/286/227
f 234/280/226 236/283/226 288/283/226 291/280/226
f 294/283/229 295/286/229 292/286/229 293/283/229
f 284/286/231 285/283/231 293/283/231 292/286/231
f 288/283/228 290/286/228 295/286/228 294/283/228
f 285/283/226 288/283/226 294/283/226 293/283/226
f 275/294/245 276/295/245 297/295/245 296/294/245
f 276/295/226 280/297/226 298/297/226 297/295/226
f 299/278/225 301/279/225 302/280/225 300/281/225
f 301/279/226 305/282/226 306/283/226 302/280/226
f 348/284/226 349/285/226 304/286/226 303/287/226
f 303/287/227 299/288/227 300/289/227 304/286/227
f 301/290/228 299/291/228 303/287/228 305/282/228
f 306/283/226 310/283/226 308/280/226 302/280/226
f 321/286/225 322/283/225 330/283/225 329/286/225
f 304/286/229 309/286/229 310/283/229 306/283/229
f 302/280/225 308/280/225 307/281/225 300/281/225
f 300/289/227 307/289/227 309/286/227 304/286/227
f 347/292/230 348/293/230 303/287/230 305/282/230
f 313/279/227 314/280/227 318/283/227 317/282/227
f 317/282/225 318/283/225 316/286/225 315/287/225
f 315/287/226 316/286/226 312/289/226 311/288/226
f 313/290/231 317/282/231 315/287/231 311/291/231
f 318/283/227 314/280/227 320/280/227 322/283/227
f 359/283/229 358/286/229 325/286/229 326/283/229
f 316/286/225 318/283/225 322/283/225 321/286/225
f 314/280/229 312/281/229 319/281/229 320/280/229
f 312/289/226 316/286/226 321/286/226 319/289/226
f 349/294/232 350/295/232 306/283/232 304/286/232
f 350/295/227 347/296/227 305/282/227 306/283/227
f 330/283/227 328/280/227 336/280/227 338/283/227
f 327/289/226 329/286/226 337/286/226 335/289/226
f 361/281/225 360/280/225 324/280/225 323/281/225
f 320/280/229 319/281/229 327/281/229 328/280/229
f 358/286/227 361/289/227 323/289/227 325/286/227
f 319/289/226 321/286/226 329/286/226 327/289/226
f 360/280/226 359/283/226 326/283/226 324/280/226
f 322/283/227 320/280/227 328/280/227 330/283/227
f 334/283/233 333/286/233 341/286/233 342/283/233
f 335/289/226 337/286/226 345/286/226 343/289/226
f 325/286/227 323/289/227 331/289/227 333/286/227
f 324/280/226 326/283/226 334/283/226 332/280/226
f 329/286/234 330/283/234 338/283/234 337/286/234
f 328/280/235 327/281/235 335/281/235 336/280/235
f 326/283/236 325/286/236 333/286/236 334/283/236
f 323/281/237 324/280/237 332/280/237 331/281/237
f 344/280/238 343/281/238 341/286/238 342/283/238
f 331/281/239 332/280/239 340/280/239 339/281/239
f 333/286/227 331/289/227 339/289/227 341/286/227
f 332/280/226 334/283/226 342/283/226 340/280/226
f 346/283/227 344/280/227 342/283/227 340/280/227
f 338/283/227 336/280/227 344/280/227 346/283/227
f 337/286/240 338/283/240 346/283/240 345/286/240
f 336/280/241 335/281/241 343/281/241 344/280/241
f 343/289/226 345/286/226 339/289/226 341/286/226
f 345/286/242 346/283/242 340/280/242 339/281/242
f 354/297/227 351/298/227 347/296/227 350/295/227
f 353/299/243 354/297/243 350/295/243 349/294/243
f 351/300/244 352/301/244 348/293/244 347/292/244
f 352/302/226 353/303/226 349/285/226 348/284/226
f 311/288/226 312/289/226 353/303/226 352/302/226
f 313/290/230 311/291/230 352/301/230 351/300/230
f 312/281/232 314/280/232 354/297/232 353/299/232
f 314/280/227 313/279/227 351/298/227 354/297/227
f 353/299/245 354/297/245 357/297/245 356/299/245
f 349/294/226 353/299/226 356/299/226 355/294/226
f 365/280/226 362/283/226 359/283/226 360/280/226
f 364/286/227 363/289/227 361/289/227 358/286/227
f 363/281/225 365/280/225 360/280/225 361/281/225
f 364/286/227 358/286/227 366/286/227 369/286/227
f 310/283/229 309/286/229 364/286/229 362/283/229
f 307/281/225 308/280/225 365/280/225 363/281/225
f 309/286/227 307/289/227 363/289/227 364/286/227
f 308/280/226 310/283/226 362/283/226 365/280/226
f 368/283/229 369/286/229 366/286/229 367/283/229
f 358/286/231 359/283/231 367/283/231 366/286/231
f 362/283/228 364/286/228 369/286/228 368/283/228
f 359/283/226 362/283/226 368/283/226 367/283/226
f 349/294/245 350/295/245 371/295/245 370/294/245
f 350/295/226 354/297/226 372/297/226 371/295/226
f 373/278/225 375/279/225 376/280/225 374/281/225
f 375/279/226 379/282/226 380/283/226 376/280/226
f 422/284/226 423/285/226 378/286/226 377/287/226
f 377/287/227 373/288/227 374/289/227 378/286/227
f 375/290/228 373/291/228 377/287/228 379/282/228
f 380/283/226 384/283/226 382/280/226 376/280/226
f 395/286/225 396/283/225 404/283/225 403/286/225
f 378/286/229 383/286/229 384/283/229 380/283/229
f 376/280/225 382/280/225 381/281/225 374/281/225
f 374/289/227 381/289/227 383/286/227 378/286/227
f 421/292/230 422/293/230 377/287/230 379/282/230
f 387/279/227 388/280/227 392/283/227 391/282/227
f 391/282/225 392/283/225 390/286/225 389/287/225
f 389/287/226 390/286/226 386/289/226 385/288/226
f 387/290/231 391/282/231 389/287/231 385/291/231
f 392/283/227 388/280/227 394/280/227 396/283/227
f 433/283/229 432/286/229 399/286/229 400/283/229
f 390/286/225 392/283/225 396/283/225 395/286/225
f 388/280/229 386/281/229 393/281/229 394/280/229
f 386/289/226 390/286/226 395/286/226 393/289/226
f 423/294/232 424/295/232 380/283/232 378/286/232
f 424/295/227 421/296/227 379/282/227 380/283/227
f 404/283/227 402/280/227 410/280/227 412/283/227
f 401/289/226 403/286/226 411/286/226 409/289/226
f 435/281/225 434/280/225 398/280/225 397/281/225
f 394/280/229 393/281/229 401/281/229 402/280/229
f 432/286/227 435/289/227 397/289/227 399/286/227
f 393/289/226 395/286/226 403/286/226 401/289/226
f 434/280/226 433/283/226 400/283/226 398/280/226
f 396/283/227 394/280/227 402/280/227 404/283/227
f 408/283/233 407/286/233 415/286/233 416/283/233
f 409/289/226 411/286/226 419/286/226 417/289/226
f 399/286/227 397/289/227 405/289/227 407/286/227
f 398/280/226 400/283/226 408/283/226 406/280/226
f 403/286/234 404/283/234 412/283/234 411/286/234
f 402/280/235 401/281/235 409/281/235 410/280/235
f 400/283/236 399/286/236 407/286/236 408/283/236
f 397/281/237 398/280/237 406/280/237 405/281/237
f 418/280/238 417/281/238 415/286/238 416/283/238
f 405/281/239 406/280/239 414/280/239 413/281/239
f 407/286/227 405/289/227 413/289/227 415/286/227
f 406/280/226 408/283/226 416/283/226 414/280/226
f 420/283/227 418/280/227 416/283/227 414/280/227
f 412/283/227 410/280/227 418/280/227 420/283/227
f 411/286/240 412/283/240 420/283/240 419/286/240
f 410/280/241 409/281/241 417/281/241 418/280/241
f 417/289/226 419/286/226 413/289/226 415/286/226
f 419/286/242 420/283/242 414/280/242 413/281/242
f 428/297/227 425/298/227 421/296/227 424/295/227
f 427/299/243 428/297/243 424/295/243 423/294/243
f 425/300/244 426/301/244 422/293/244 421/292/244
f 426/302/226 427/303/226 423/285/226 422/284/226
f 385/288/226 386/289/226 427/303/226 426/302/226
f 387/290/230 385/291/230 426/301/230 425/300/230
f 386/281/232 388/280/232 428/297/232 427/299/232
f 388/280/227 387/279/227 425/298/227 428/297/227
f 427/299/245 428/297/245 431/297/245 430/299/245
f 423/294/226 427/299/226 430/299/226 429/294/226
f 439/280/226 436/283/226 433/283/226 434/280/226
f 438/286/227 437/289/227 435/289/227 432/286/227
f 437/281/225 439/280/225 434/280/225 435/281/225
f 438/286/227 432/286/227 440/286/227 443/286/227
f 384/283/229 383/286/229 438/286/229 436/283/229
f 381/281/225 382/280/225 439/280/225 437/281/225
f 383/286/227 381/289/227 437/289/227 438/286/227
f 382/280/226 384/283/226 436/283/226 439/280/226
f 442/283/229 443/286/229 440/286/229 441/283/229
f 432/286/231 433/283/231 441/283/231 440/286/231
f 436/283/228 438/286/228 443/286/228 442/283/228
f 433/283/226 436/283/226 442/283/226 441/283/226
f 423/294/245 424/295/245 445/295/245 444/294/245
f 424/295/226 428/297/226 446/297/226 445/295/226
f 447/278/225 449/279/225 450/280/225 448/281/225
f 449/279/226 453/282/226 454/283/226 450/280/226
f 496/284/226 497/285/226 452/286/226 451/287/226
f 451/287/227 447/288/227 448/289/227 452/286/227
f 449/290/228 447/291/228 451/287/228 453/282/228
f 454/283/226 458/283/226 456/280/226 450/280/226
f 469/286/225 470/283/225 478/283/225 477/286/225
f 452/286/229 457/286/229 458/283/229 454/283/229
f 450/280/225 456/280/225 455/281/225 448/281/225
f 448/289/227 455/289/227 457/286/227 452/286/227
f 495/292/230 496/293/230 451/287/230 453/282/230
f 461/279/227 462/280/227 466/283/227 465/282/227
f 465/282/225 466/283/225 464/286/225 463/287/225
f 463/287/226 464/286/226 460/289/226 459/288/226
f 461/290/231 465/282/231 463/287/231 459/291/231
f 466/283/227 462/280/227 468/280/227 470/283/227
f 507/283/229 506/286/229 473/286/229 474/283/229
f 464/286/225 466/283/225 470/283/225 469/286/225
f 462/280/229 460/281/229 467/281/229 468/280/229
f 460/289/226 464/286/226 469/286/226 467/289/226
f 497/294/232 498/295/232 454/283/232 452/286/232
f 498/295/227 495/296/227 453/282/227 454/283/227
f 478/283/227 476/280/227 484/280/227 486/283/227
f 475/289/226 477/286/226 485/286/226 483/289/226
f 509/281/225 508/280/225 472/280/225 471/281/225
f 468/280/229 467/281/229 475/281/229 476/280/229
f 506/286/227 509/289/227 471/289/227 473/286/227
f 467/289/226 469/286/226 477/286/226 475/289/226
f 508/280/226 507/283/226 474/283/226 472/280/226
f 470/283/227 468/280/227 476/280/227 478/283/227
f 482/283/233 481/286/233 489/286/233 490/283/233
f 483/289/226 485/286/226 493/286/226 491/289/226
f 473/286/227 471/289/227 479/289/227 481/286/227
f 472/280/226 474/283/226 482/283/226 480/280/226
f 477/286/234 478/283/234 486/283/234 485/286/234
f 476/280/235 475/281/235 483/281/235 484/280/235
f 474/283/236 473/286/236 481/286/236 482/283/236
f 471/281/237 472/280/237 480/280/237 479/281/237
f 492/280/238 491/281/238 489/286/238 490/283/238
f 479/281/239 480/280/239 488/280/239 487/281/239
f 481/286/227 479/289/227 487/289/227 489/286/227
f 480/280/226 482/283/226 490/283/226 488/280/226
f 494/283/227 492/280/227 490/283/227 488/280/227
f 486/283/227 484/280/227 492/280/227 494/283/227
f 485/286/240 486/283/240 494/283/240 493/286/240
f 484/280/241 483/281/241 491/281/241 492/280/241
f 491/289/226 493/286/226 487/289/226 489/286/226
f 493/286/242 494/283/242 488/280/242 487/281/242
f 502/297/227 499/298/227 495/296/227 498/295/227
f 501/299/243 502/297/243 498/295/243 497/294/243
f 499/300/244 500/301/244 496/293/244 495/292/244
f 500/302/226 501/303/226 497/285/226 496/284/226
f 459/288/226 460/289/226 501/303/226 500/302/226
f 461/290/230 459/291/230 500/301/230 499/300/230
f 460/281/232 462/280/232 502/297/232 501/299/232
f 462/280/227 461/279/227 499/298/227 502/297/227
f 501/299/245 502/297/245 505/297/245 504/299/245
f 497/294/226 501/299/226 504/299/226 503/294/226
f 513/280/226 510/283/226 507/283/226 508/280/226
f 512/286/227 511/289/227 509/289/227 506/286/227
f 511/281/225 513/280/225 508/280/225 509/281/225
f 512/286/227 506/286/227 514/286/227 517/286/227
f 458/283/229 457/286/229 512/286/229 510/283/229
f 455/281/225 456/280/225 513/280/225 511/281/225
f 457/286/227 455/289/227 511/289/227 512/286/227
f 456/280/226 458/283/226 510/283/226 513/280/226
f 516/283/229 517/286/229 514/286/229 515/283/229
f 506/286/231 507/283/231 515/283/231 514/286/231
f 510/283/228 512/286/228 517/286/228 516/283/228
f 507/283/226 510/283/226 516/283/226 515/283/226
f 497/294/245 498/295/245 519/295/245 518/294/245
f 498/295/226 502/297/226 520/297/226 519/295/226
f 521/278/225 523/279/225 524/280/225 522/281/225
f 523/279/226 527/282/226 528/283/226 524/280/226
f 570/284/226 571/285/226 526/286/226 525/287/226
f 525/287/227 521/288/227 522/289/227 526/286/227
f 523/290/228 521/291/228 525/287/228 527/282/228
f 528/283/226 532/283/226 530/280/226 524/280/226
f 543/286/225 544/283/225 552/283/225 551/286/225
f 526/286/229 531/286/229 532/283/229 528/283/229
f 524/280/225 530/280/225 529/281/225 522/281/225
f 522/289/227 529/289/227 531/286/227 526/286/227
f 569/292/230 570/293/230 525/287/230 527/282/230
f 535/279/227 536/280/227 540/283/227 539/282/227
f 539/282/225 540/283/225 538/286/225 537/287/225
f 537/287/226 538/286/226 534/289/226 533/288/226
f 535/290/231 539/282/231 537/287/231 533/291/231
f 540/283/227 536/280/227 542/280/227 544/283/227
f 581/283/229 580/286/229 547/286/229 548/283/229
f 538/286/225 540/283/225 544/283/225 543/286/225
f 536/280/229 534/281/229 541/281/229 542/280/229
f 534/289/226 538/286/226 543/286/226 541/289/226
f 571/294/232 572/295/232 528/283/232 526/286/232
f 572/295/227 569/296/227 527/282/227 528/283/227
f 552/283/227 550/280/227 558/280/227 560/283/227
f 549/289/226 551/286/226 559/286/226 557/289/226
f 583/281/225 582/280/225 546/280/225 545/281/225
f 542/280/229 541/281/229 549/281/229 550/280/229
f 580/286/227 583/289/227 545/289/227 547/286/227
f 541/289/226 543/286/226 551/286/226 549/289/226
f 582/280/226 581/283/226 548/283/226 546/280/226
f 544/283/227 542/280/227 550/280/227 552/283/227
f 556/283/233 555/286/233 563/286/233 564/283/233
f 557/289/226 559/286/226 567/286/226 565/289/226
f 547/286/227 545/289/227 553/289/227 555/286/227
f 546/280/226 548/283/226 556/283/226 554/280/226
f 551/286/234 552/283/234 560/283/234 559/286/234
f 550/280/235 549/281/235 557/281/235 558/280/235
f 548/283/236 547/286/236 555/286/236 556/283/236
f 545/281/237 546/280/237 554/280/237 553/281/237
f 566/280/238 565/281/238 563/286/238 564/283/238
f 553/281/239 554/280/239 562/280/239 561/281/239
f 555/286/227 553/289/227 561/289/227 563/286/227
f 554/280/226 556/283/226 564/283/226 562/280/226
f 568/283/227 566/280/227 564/283/227 562/280/227
f 560/283/227 558/280/227 566/280/227 568/283/227
f 559/286/240 560/283/240 568/283/240 567/286/240
f 558/280/241 557/281/241 565/281/241 566/280/241
f 565/289/226 567/286/226 561/289/226 563/286/226
f 567/286/242 568/283/242 562/280/242 561/281/242
f 576/297/227 573/298/227 569/296/227 572/295/227
f 575/299/243 576/297/243 572/295/243 571/294/243
f 573/300/244 574/301/244 570/293/244 569/292/244
f 574/302/226 575/303/226 571/285/226 570/284/226
f 533/288/226 534/289/226 575/303/226 574/302/226
f 535/290/230 533/291/230 574/301/230 573/300/230
f 534/281/232 536/280/232 576/297/232 575/299/232
f 536/280/227 535/279/227 573/298/227 576/297/227
f 575/299/245 576/297/245 579/297/245 578/299/245
f 571/294/226 575/299/226 578/299/226 577/294/226
f 587/280/226 584/283/226 581/283/226 582/280/226
f 586/286/227 585/289/227 583/289/227 580/286/227
f 585/281/225 587/280/225 582/280/225 583/281/225
f 586/286/227 580/286/227 588/286/227 591/286/227
f 532/283/229 531/286/229 586/286/229 584/283/229
f 529/281/225 530/280/225 587/280/225 585/281/225
f 531/286/227 529/289/227 585/289/227 586/286/227
f 530/280/226 532/283/226 584/283/226 587/280/226
f 590/283/229 591/286/229 588/286/229 589/283/229
f 580/286/231 581/283/231 589/283/231 588/286/231
f 584/283/228 586/286/228 591/286/228 590/283/228
f 581/283/226 584/283/226 590/283/226 589/283/226
f 571/294/245 572/295/245 593/295/245 592/294/245
f 572/295/226 576/297/226 594/297/226 593/295/226
f 595/278/225 597/279/225 598/280/225 596/281/225
f 597/279/226 601/282/226 602/283/226 598/280/226
f 644/284/226 645/285/226 600/286/226 599/287/226
f 599/287/227 595/288/227 596/289/227 600/286/227
f 597/290/228 595/291/228 599/287/228 601/282/228
f 602/283/226 606/283/226 604/280/226 598/280/226
f 617/286/225 618/283/225 626/283/225 625/286/225
f 600/286/229 605/286/229 606/283/229 602/283/229
f 598/280/225 604/280/225 603/281/225 596/281/225
f 596/289/227 603/289/227 605/286/227 600/286/227
f 643/292/230 644/293/230 599/287/230 601/282/230
f 609/279/227 610/280/227 614/283/227 613/282/227
f 613/282/225 614/283/225 612/286/225 611/287/225
f 611/287/226 612/286/226 608/289/226 607/288/226
f 609/290/231 613/282/231 611/287/231 607/291/231
f 614/283/227 610/280/227 616/280/227 618/283/227
f 655/283/229 654/286/229 621/286/229 622/283/229
f 612/286/225 614/283/225 618/283/225 617/286/225
f 610/280/229 608/281/229 615/281/229 616/280/229
f 608/289/226 612/286/226 617/286/226 615/289/226
f 645/294/232 646/295/232 602/283/232 600/286/232
f 646/295/227 643/296/227 601/282/227 602/283/227
f 626/283/227 624/280/227 632/280/227 634/283/227
f 623/289/226 625/286/226 633/286/226 631/289/226
f 657/281/225 656/280/225 620/280/225 619/281/225
f 616/280/229 615/281/229 623/281/229 624/280/229
f 654/286/227 657/289/227 619/289/227 621/286/227
f 615/289/226 617/286/226 625/286/226 623/289/226
f 656/280/226 655/283/226 622/283/226 620/280/226
f 618/283/227 616/280/227 624/280/227 626/283/227
f 630/283/233 629/286/233 637/286/233 638/283/233
f 631/289/226 633/286/226 641/286/226 639/289/226
f 621/286/227 619/289/227 627/289/227 629/286/227
f 620/280/226 622/283/226 630/283/226 628/280/226
f 625/286/234 626/283/234 634/283/234 633/286/234
f 624/280/235 623/281/235 631/281/235 632/280/235
f 622/283/236 621/286/236 629/286/236 630/283/236
f 619/281/237 620/280/237 628/280/237 627/281/237
f 640/280/238 639/281/238 637/286/238 638/283/238
f 627/281/239 628/280/239 636/280/239 635/281/239
f 629/286/227 627/289/227 635/289/227 637/286/227
f 628/280/226 630/283/226 638/283/226 636/280/226
f 642/283/227 640/280/227 638/283/227 636/280/227
f 634/283/227 632/280/227 640/280/227 642/283/227
f 633/286/240 634/283/240 642/283/240 641/286/240
f 632/280/241 631/281/241 639/281/241 640/280/241
f 639/289/226 641/286/226 635/289/226 637/286/226
f 641/286/242 642/283/242 636/280/242 635/281/242
f 650/297/227 647/298/227 643/296/227 646/295/227
f 649/299/243 650/297/243 646/295/243 645/294/243
f 647/300/244 648/301/244 644/293/244 643/292/244
f 648/302/226 649/303/226 645/285/226 644/284/226
f 607/288/226 608/289/226 649/303/226 648/302/226
f 609/290/230 607/291/230 648/301/230 647/300/230
f 608/281/232 610/280/232 650/297/232 649/299/232
f 610/280/227 609/279/227 647/298/227 650/297/227
f 649/299/245 650/297/245 653/297/245 652/299/245
f 645/294/226 649/299/226 652/299/226 651/294/226
f 661/280/226 658/283/226 655/283/226 656/280/226
f 660/286/227 659/289/227 657/289/227 654/286/227
f 659/281/225 661/280/225 656/280/225 657/281/225
f 660/286/227 654/286/227 662/286/227 665/286/227
f 606/283/229 605/286/229 660/286/229 658/283/229
f 603/281/225 604/280/225 661/280/225 659/281/225
f 605/286/227 603/289/227 659/289/227 660/286/227
f 604/280/226 606/283/226 658/283/226 661/280/226
f 664/283/229 665/286/229 662/286/229 663/283/229
f 654/286/231 655/283/231 663/283/231 662/286/231
f 658/283/228 660/286/228 665/286/228 664/283/228
f 655/283/226 658/283/226 664/283/226 663/283/226
f 645/294/245 646/295/245 667/295/245 666/294/245
f 646/295/226 650/297/226 668/297/226 667/295/226
f 669/278/225 671/279/225 672/280/225 670/281/225
f 671/279/226 675/282/226 676/283/226 672/280/226
f 718/284/226 719/285/226 674/286/226 673/287/226
f 673/287/227 669/288/227 670/289/227 674/286/227
f 671/290/228 669/291/228 673/287/228 675/282/228
f 676/283/226 680/283/226 678/280/226 672/280/226
f 691/286/225 692/283/225 700/283/225 699/286/225
f 674/286/229 679/286/229 680/283/229 676/283/229
f 672/280/225 678/280/225 677/281/225 670/281/225
f 670/289/227 677/289/227 679/286/227 674/286/227
f 717/292/230 718/293/230 673/287/230 675/282/230
f 683/279/227 684/280/227 688/283/227 687/282/227
f 687/282/225 688/283/225 686/286/225 685/287/225
f 685/287/226 686/286/226 682/289/226 681/288/226
f 683/290/231 687/282/231 685/287/231 681/291/231
f 688/283/227 684/280/227 690/280/227 692/283/227
f 729/283/229 728/286/229 695/286/229 696/283/229
f 686/286/225 688/283/225 692/283/225 691/286/225
f 684/280/229 682/281/229 689/281/229 690/280/229
f 682/289/226 686/286/226 691/286/226 689/289/226
f 719/294/232 720/295/232 676/283/232 674/286/232
f 720/295/227 717/296/227 675/282/227 676/283/227
f 700/283/227 698/280/227 706/280/227 708/283/227
f 697/289/226 699/286/226 707/286/226 705/289/226
f 731/281/225 730/280/225 694/280/225 693/281/225
f 690/280/229 689/281/229 697/281/229 698/280/229
f 728/286/227 731/289/227 693/289/227 695/286/227
f 689/289/226 691/286/226 699/286/226 697/289/226
f 730/280/226 729/283/226 696/283/226 694/280/226
f 692/283/227 690/280/227 698/280/227 700/283/227
f 704/283/233 703/286/233 711/286/233 712/283/233
f 705/289/226 707/286/226 715/286/226 713/289/226
f 695/286/227 693/289/227 701/289/227 703/286/227
f 694/280/226 696/283/226 704/283/226 702/280/226
f 699/286/234 700/283/234 708/283/234 707/286/234
f 698/280/235 697/281/235 705/281/235 706/280/235
f 696/283/236 695/286/236 703/286/236 704/283/236
f 693/281/237 694/280/237 702/280/237 701/281/237
f 714/280/238 713/281/238 711/286/238 712/283/238
f 701/281/239 702/280/239 710/280/239 709/281/239
f 703/286/227 701/289/227 709/289/227 711/286/227
f 702/280/226 704/283/226 712/283/226 710/280/226
f 716/283/227 714/280/227 712/283/227 710/280/227
f 708/283/227 706/280/227 714/280/227 716/283/227
f 707/286/240 708/283/240 716/283/240 715/286/240
f 706/280/241 705/281/241 713/281/241 714/280/241
f 713/289/226 715/286/226 709/289/226 711/286/226
f 715/286/242 716/283/242 710/280/242 709/281/242
f 724/297/227 721/298/227 717/296/227 720/295/227
f 723/299/243 724/297/243 720/295/243 719/294/243
f 721/300/244 722/301/244 718/293/244 717/292/244
f 722/302/226 723/303/226 719/285/226 718/284/226
f 681/288/226 682/289/226 723/303/226 722/302/226
f 683/290/230 681/291/230 722/301/230 721/300/230
f 682/281/232 684/280/232 724/297/232 723/299/232
f 684/280/227 683/279/227 721/298/227 724/297/227
f 723/299/245 724/297/245 727/297/245 726/299/245
f 719/294/226 723/299/226 726/299/226 725/294/226
f 735/280/226 732/283/226 729/283/226 730/280/226
f 734/286/227 733/289/227 731/289/227 728/286/227
f 733/281/225 735/280/225 730/280/225 731/281/225
f 734/286/227 728/286/227 736/286/227 739/286/227
f 680/283/229 679/286/229 734/286/229 732/283/229
f 677/281/225 678/280/225 735/280/225 733/281/225
f 679/286/227 677/289/227 733/289/227 734/286/227
f 678/280/226 680/283/226 732/283/226 735/280/226
f 738/283/229 739/286/229 736/286/229 737/283/229
f 728/286/231 729/283/231 737/283/231 736/286/231
f 732/283/228 734/286/228 739/286/228 738/283/228
f 729/283/226 732/283/226 738/283/226 737/283/226
f 719/294/245 720/295/245 741/295/245 740/294/245
f 720/295/226 724/297/226 742/297/226 741/295/226
f 743/278/225 745/279/225 746/280/225 744/281/225
f 745/279/226 749/282/226 750/283/226 746/280/226
f 792/284/226 793/285/226 748/286/226 747/287/226
f 747/287/227 743/288/227 744/289/227 748/286/227
f 745/290/228 743/291/228 747/287/228 749/282/228
f 750/283/226 754/283/226 752/280/226 746/280/226
f 765/286/225 766/283/225 774/283/225 773/286/225
f 748/286/229 753/286/229 754/283/229 750/283/229
f 746/280/225 752/280/225 751/281/225 744/281/225
f 744/289/227 751/289/227 753/286/227 748/286/227
f 791/292/230 792/293/230 747/287/230 749/282/230
f 757/279/227 758/280/227 762/283/227 761/282/227
f 761/282/225 762/283/225 760/286/225 759/287/225
f 759/287/226 760/286/226 756/289/226 755/288/226
f 757/290/231 761/282/231 759/287/231 755/291/231
f 762/283/227 758/280/227 764/280/227 766/283/227
f 803/283/229 802/286/229 769/286/229 770/283/229
f 760/286/225 762/283/225 766/283/225 765/286/225
f 758/280/229 756/281/229 763/281/229 764/280/229
f 756/289/226 760/286/226 765/286/226 763/289/226
f 793/294/232 794/295/232 750/283/232 748/286/232
f 794/295/227 791/296/227 749/282/227 750/283/227
f 774/283/227 772/280/227 780/280/227 782/283/227
f 771/289/226 773/286/226 781/286/226 779/289/226
f 805/281/225 804/280/225 768/280/225 767/281/225
f 764/280/229 763/281/229 771/281/229 772/280/229
f 802/286/227 805/289/227 767/289/227 769/286/227
f 763/289/226 765/286/226 773/286/226 771/289/226
f 804/280/226 803/283/226 770/283/226 768/280/226
f 766/283/227 764/280/227 772/280/227 774/283/227
f 778/283/233 777/286/233 785/286/233 786/283/233
f 779/289/226 781/286/226 789/286/226 787/289/226
f 769/286/227 767/289/227 775/289/227 777/286/227
f 768/280/226 770/283/226 778/283/226 776/280/226
f 773/286/234 774/283/234 782/283/234 781/286/234
f 772/280/235 771/281/235 779/281/235 780/280/235
f 770/283/236 769/286/236 777/286/236 778/283/236
f 767/281/237 768/280/237 776/280/237 775/281/237
f 788/280/238 787/281/238 785/286/238 786/283/238
f 775/281/239 776/280/239 784/280/239 783/281/239
f 777/286/227 775/289/227 783/289/227 785/286/227
f 776/280/226 778/283/226 786/283/226 784/280/226
f 790/283/227 788/280/227 786/283/227 784/280/227
f 782/283/227 780/280/227 788/280/227 790/283/227
f 781/286/240 782/283/240 790/283/240 789/286/240
f 780/280/241 779/281/241 787/281/241 788/280/241
f 787/289/226 789/286/226 783/289/226 785/286/226
f 789/286/242 790/283/242 784/280/242 783/281/242
f 798/297/227 795/298/227 791/296/227 794/295/227
f 797/299/243 798/297/243 794/295/243 793/294/243
f 795/300/244 796/301/244 792/293/244 791/292/244
f 796/302/226 797/303/226 793/285/226 792/284/226
f 755/288/226 756/289/226 797/303/226 796/302/226
f 757/290/230 755/291/230 796/301/230 795/300/230
f 756/281/232 758/280/232 798/297/232 797/299/232
f 758/280/227 757/279/227 795/298/227 798/297/227
f 797/299/245 798/297/245 801/297/245 800/299/245
f 793/294/226 797/299/226 800/299/226 799/294/226
f 809/280/226 806/283/226 803/283/226 804/280/226
f 808/286/227 807/289/227 805/289/227 802/286/227
f 807/281/225 809/280/225 804/280/225 805/281/225
f 808/286/227 802/286/227 810/286/227 813/286/227
f 754/283/229 753/286/229 808/286/229 806/283/229
f 751/281/225 752/280/225 809/280/225 807/281/225
f 753/286/227 751/289/227 807/289/227 808/286/227
f 752/280/226 754/283/226 806/283/226 809/280/226
f 812/283/229 813/286/229 810/286/229 811/283/229
f 802/286/231 803/283/231 811/283/231 810/286/231
f 806/283/228 808/286/228 813/286/228 812/283/228
f 803/283/226 806/283/226 812/283/226 811/283/226
f 793/294/245 794/295/245 815/295/245 814/294/245
f 794/295/226 798/297/226 816/297/226 815/295/226
o Cube.003
v -2.123949 -0.676020 1.925031
v -2.123949 -0.642025 1.925031
v -2.123949 -0.676020 1.891037
v -2.123949 -0.642025 1.891037
v -2.089954 -0.676020 1.925031
v -2.089954 -0.642025 1.925031
v -2.089954 -0.676020 1.891037
v -2.089954 -0.642025 1.891037
v -2.123949 -0.479957 1.925031
v -2.123949 -0.479957 1.891037
v -2.089954 -0.479957 1.925031
v -2.089954 -0.479957 1.891037
v -1.850956 -0.675796 1.925031
v -1.850956 -0.641802 1.925031
v -1.850956 -0.675796 1.891037
v -1.850956 -0.641802 1.891037
v -1.816962 -0.675796 1.925031
v -1.816962 -0.641802 1.925031
v -1.816962 -0.675796 1.891037
v -1.816962 -0.641802 1.891037
v -1.850956 -0.479733 1.925031
v -1.850956 -0.479733 1.891037
v -1.816962 -0.479733 1.925031
v -1.816962 -0.479733 1.891037
v -2.123949 -0.187020 1.925031
v -2.123949 -0.187020 1.891037
v -2.089954 -0.187020 1.925031
v -2.089954 -0.187020 1.891037
v -1.850956 -0.186796 1.925031
v -1.850956 -0.186796 1.891037
v -1.816962 -0.186796 1.925031
v -1.816962 -0.186796 1.891037
v -2.075092 -0.053436 1.925031
v -2.075092 -0.053436 1.891037
v -2.060342 -0.072650 1.925031
v -2.060342 -0.072650 1.891037
v -1.881522 -0.071613 1.925031
v -1.881522 -0.071613 1.891037
v -1.864866 -0.054026 1.925031
v -1.864866 -0.054026 1.891037
v -2.029072 -0.018107 1.925031
v -2.029072 -0.018107 1.891037
v -2.014321 -0.037321 1.925031
v -2.014321 -0.037321 1.891037
v -1.926491 -0.038403 1.925031
v -1.926491 -0.033404 1.891037
v -1.916876 -0.016779 1.925031
v -1.916876 -0.016779 1.891037
v -1.978617 -0.675925 1.891037
v -1.978617 -0.675925 1.925031
v -1.978617 -0.641931 1.925031
v -1.978617 -0.641931 1.891037
v -1.949210 -0.675878 1.891037
v -1.949210 -0.675878 1.925031
v -1.949210 -0.641884 1.925031
v -1.949210 -0.641884 1.891037
v -1.979591 -0.035090 1.925031
v -1.950184 -0.035043 1.925031
v -1.950184 -0.035043 1.891037
v -2.089954 -0.270343 1.925031
v -2.089954 -0.270343 1.891037
v -2.123949 -0.270343 1.891037
v -2.123949 -0.270343 1.925031
v -2.089954 -0.308393 1.891037
v -2.123949 -0.308393 1.925031
v -2.089954 -0.308393 1.925031
v -2.123949 -0.308393 1.891037
v -1.848852 -0.270343 1.925031
v -1.848852 -0.270343 1.891037
v -1.848852 -0.308393 1.891037
v -1.848852 -0.308393 1.925031
v -1.979577 -0.043807 1.925031
v -1.979577 -0.043807 1.891037
v -1.950170 -0.043760 1.891037
v -1.565233 -0.676020 1.925031
v -1.565233 -0.642025 1.925031
v -1.565233 -0.676020 1.891037
v -1.565233 -0.642025 1.891037
v -1.531239 -0.676020 1.925031
v -1.531239 -0.642025 1.925031
v -1.531239 -0.676020 1.891037
v -1.531239 -0.642025 1.891037
v -1.565233 -0.479957 1.925031
v -1.565233 -0.479957 1.891037
v -1.531239 -0.479957 1.925031
v -1.531239 -0.479957 1.891037
v -1.292241 -0.675796 1.925031
v -1.292241 -0.641802 1.925031
v -1.292241 -0.675796 1.891037
v -1.292241 -0.641802 1.891037
v -1.258247 -0.675796 1.925031
v -1.258247 -0.641802 1.925031
v -1.258247 -0.675796 1.891037
v -1.258247 -0.641802 1.891037
v -1.292241 -0.479733 1.925031
v -1.292241 -0.479733 1.891037
v -1.258247 -0.479733 1.925031
v -1.258247 -0.479733 1.891037
v -1.565233 -0.187020 1.925031
v -1.565233 -0.187020 1.891037
v -1.531239 -0.187020 1.925031
v -1.531239 -0.187020 1.891037
v -1.292241 -0.186796 1.925031
v -1.292241 -0.186796 1.891037
v -1.258247 -0.186796 1.925031
v -1.258247 -0.186796 1.891037
v -1.516376 -0.053436 1.925031
v -1.516376 -0.053436 1.891037
v -1.501626 -0.072650 1.925031
v -1.501626 -0.072650 1.891037
v -1.322807 -0.071613 1.925031
v -1.322807 -0.071613 1.891037
v -1.306150 -0.054026 1.925031
v -1.306150 -0.054026 1.891037
v -1.470356 -0.018107 1.925031
v -1.470356 -0.018107 1.891037
v -1.455606 -0.037321 1.925031
v -1.455606 -0.037321 1.891037
v -1.367775 -0.038403 1.925031
v -1.367775 -0.033404 1.891037
v -1.358161 -0.016779 1.925031
v -1.358161 -0.016779 1.891037
v -1.419902 -0.675925 1.891037
v -1.419902 -0.675925 1.925031
v -1.419902 -0.641931 1.925031
v -1.419902 -0.641931 1.891037
v -1.390495 -0.675878 1.891037
v -1.390495 -0.675878 1.925031
v -1.390495 -0.641884 1.925031
v -1.390495 -0.641884 1.891037
v -1.420875 -0.035090 1.925031
v -1.391468 -0.035043 1.925031
v -1.391468 -0.035043 1.891037
v -1.531239 -0.270343 1.925031
v -1.531239 -0.270343 1.891037
v -1.565233 -0.270343 1.891037
v -1.565233 -0.270343 1.925031
v -1.531239 -0.308393 1.891037
v -1.565233 -0.308393 1.925031
v -1.531239 -0.308393 1.925031
v -1.565233 -0.308393 1.891037
v -1.290136 -0.270343 1.925031
v -1.290136 -0.270343 1.891037
v -1.290136 -0.308393 1.891037
v -1.290136 -0.308393 1.925031
v -1.420861 -0.043807 1.925031
v -1.420861 -0.043807 1.891037
v -1.391454 -0.043760 1.891037
v -1.006518 -0.676020 1.925031
v -1.006518 -0.642025 1.925031
v -1.006518 -0.676020 1.891037
v -1.006518 -0.642025 1.891037
v -0.972523 -0.676020 1.925031
v -0.972523 -0.642025 1.925031
v -0.972523 -0.676020 1.891037
v -0.972523 -0.642025 1.891037
v -1.006518 -0.479957 1.925031
v -1.006518 -0.479957 1.891037
v -0.972523 -0.479957 1.925031
v -0.972523 -0.479957 1.891037
v -0.733525 -0.675796 1.925031
v -0.733525 -0.641802 1.925031
v -0.733525 -0.675796 1.891037
v -0.733525 -0.641802 1.891037
v -0.699531 -0.675796 1.925031
v -0.699531 -0.641802 1.925031
v -0.699531 -0.675796 1.891037
v -0.699531 -0.641802 1.891037
v -0.733525 -0.479733 1.925031
v -0.733525 -0.479733 1.891037
v -0.699531 -0.479733 1.925031
v -0.699531 -0.479733 1.891037
v -1.006518 -0.187020 1.925031
v -1.006518 -0.187020 1.891037
v -0.972523 -0.187020 1.925031
v -0.972523 -0.187020 1.891037
v -0.733525 -0.186796 1.925031
v -0.733525 -0.186796 1.891037
v -0.699531 -0.186796 1.925031
v -0.699531 -0.186796 1.891037
v -0.957661 -0.053436 1.925031
v -0.957661 -0.053436 1.891037
v -0.942910 -0.072650 1.925031
v -0.942910 -0.072650 1.891037
v -0.764091 -0.071613 1.925031
v -0.764091 -0.071613 1.891037
v -0.747434 -0.054026 1.925031
v -0.747434 -0.054026 1.891037
v -0.911640 -0.018107 1.925031
v -0.911640 -0.018107 1.891037
v -0.896890 -0.037321 1.925031
v -0.896890 -0.037321 1.891037
v -0.809060 -0.038403 1.925031
v -0.809060 -0.033404 1.891037
v -0.799445 -0.016779 1.925031
v -0.799445 -0.016779 1.891037
v -0.861186 -0.675925 1.891037
v -0.861186 -0.675925 1.925031
v -0.861186 -0.641931 1.925031
v -0.861186 -0.641931 1.891037
v -0.831779 -0.675878 1.891037
v -0.831779 -0.675878 1.925031
v -0.831779 -0.641884 1.925031
v -0.831779 -0.641884 1.891037
v -0.862159 -0.035090 1.925031
v -0.832752 -0.035043 1.925031
v -0.832752 -0.035043 1.891037
v -0.972523 -0.270343 1.925031
v -0.972523 -0.270343 1.891037
v -1.006518 -0.270343 1.891037
v -1.006518 -0.270343 1.925031
v -0.972523 -0.308393 1.891037
v -1.006518 -0.308393 1.925031
v -0.972523 -0.308393 1.925031
v -1.006518 -0.308393 1.891037
v -0.731421 -0.270343 1.925031
v -0.731421 -0.270343 1.891037
v -0.731421 -0.308393 1.891037
v -0.731421 -0.308393 1.925031
v -0.862146 -0.043807 1.925031
v -0.862146 -0.043807 1.891037
v -0.832739 -0.043760 1.891037
v -0.447802 -0.676020 1.925031
v -0.447802 -0.642025 1.925031
v -0.447802 -0.676020 1.891037
v -0.447802 -0.642025 1.891037
v -0.413808 -0.676020 1.925031
v -0.413808 -0.642025 1.925031
v -0.413808 -0.676020 1.891037
v -0.413808 -0.642025 1.891037
v -0.447802 -0.479957 1.925031
v -0.447802 -0.479957 1.891037
v -0.413808 -0.479957 1.925031
v -0.413808 -0.479957 1.891037
v -0.174810 -0.675796 1.925031
v -0.174810 -0.641802 1.925031
v -0.174810 -0.675796 1.891037
v -0.174810 -0.641802 1.891037
v -0.140815 -0.675796 1.925031
v -0.140815 -0.641802 1.925031
v -0.140815 -0.675796 1.891037
v -0.140815 -0.641802 1.891037
v -0.174810 -0.479733 1.925031
v -0.174810 -0.479733 1.891037
v -0.140815 -0.479733 1.925031
v -0.140815 -0.479733 1.891037
v -0.447802 -0.187020 1.925031
v -0.447802 -0.187020 1.891037
v -0.413808 -0.187020 1.925031
v -0.413808 -0.187020 1.891037
v -0.174810 -0.186796 1.925031
v -0.174810 -0.186796 1.891037
v -0.140815 -0.186796 1.925031
v -0.140815 -0.186796 1.891037
v -0.398945 -0.053436 1.925031
v -0.398945 -0.053436 1.891037
v -0.384195 -0.072650 1.925031
v -0.384195 -0.072650 1.891037
v -0.205376 -0.071613 1.925031
v -0.205376 -0.071613 1.891037
v -0.188719 -0.054026 1.925031
v -0.188719 -0.054026 1.891037
v -0.352925 -0.018107 1.925031
v -0.352925 -0.018107 1.891037
v -0.338174 -0.037321 1.925031
v -0.338174 -0.037321 1.891037
v -0.250344 -0.038403 1.925031
v -0.250344 -0.033404 1.891037
v -0.240729 -0.016779 1.925031
v -0.240729 -0.016779 1.891037
v -0.302471 -0.675925 1.891037
v -0.302471 -0.675925 1.925031
v -0.302471 -0.641931 1.925031
v -0.302471 -0.641931 1.891037
v -0.273064 -0.675878 1.891037
v -0.273064 -0.675878 1.925031
v -0.273064 -0.641884 1.925031
v -0.273064 -0.641884 1.891037
v -0.303444 -0.035090 1.925031
v -0.274037 -0.035043 1.925031
v -0.274037 -0.035043 1.891037
v -0.413808 -0.270343 1.925031
v -0.413808 -0.270343 1.891037
v -0.447802 -0.270343 1.891037
v -0.447802 -0.270343 1.925031
v -0.413808 -0.308393 1.891037
v -0.447802 -0.308393 1.925031
v -0.413808 -0.308393 1.925031
v -0.447802 -0.308393 1.891037
v -0.172705 -0.270343 1.925031
v -0.172705 -0.270343 1.891037
v -0.172705 -0.308393 1.891037
v -0.172705 -0.308393 1.925031
v -0.303430 -0.043807 1.925031
v -0.303430 -0.043807 1.891037
v -0.274023 -0.043760 1.891037
v 0.110914 -0.676020 1.925031
v 0.110914 -0.642025 1.925031
v 0.110914 -0.676020 1.891037
v 0.110914 -0.642025 1.891037
v 0.144908 -0.676020 1.925031
v 0.144908 -0.642025 1.925031
v 0.144908 -0.676020 1.891037
v 0.144908 -0.642025 1.891037
v 0.110914 -0.479957 1.925031
v 0.110914 -0.479957 1.891037
v 0.144908 -0.479957 1.925031
v 0.144908 -0.479957 1.891037
v 0.383906 -0.675796 1.925031
v 0.383906 -0.641802 1.925031
v 0.383906 -0.675796 1.891037
v 0.383906 -0.641802 1.891037
v 0.417900 -0.675796 1.925031
v 0.417900 -0.641802 1.925031
v 0.417900 -0.675796 1.891037
v 0.417900 -0.641802 1.891037
v 0.383906 -0.479733 1.925031
v 0.383906 -0.479733 1.891037
v 0.417900 -0.479733 1.925031
v 0.417900 -0.479733 1.891037
v 0.110914 -0.187020 1.925031
v 0.110914 -0.187020 1.891037
v 0.144908 -0.187020 1.925031
v 0.144908 -0.187020 1.891037
v 0.383906 -0.186796 1.925031
v 0.383906 -0.186796 1.891037
v 0.417900 -0.186796 1.925031
v 0.417900 -0.186796 1.891037
v 0.159770 -0.053436 1.925031
v 0.159770 -0.053436 1.891037
v 0.174521 -0.072650 1.925031
v 0.174521 -0.072650 1.891037
v 0.353340 -0.071613 1.925031
v 0.353340 -0.071613 1.891037
v 0.369997 -0.054026 1.925031
v 0.369997 -0.054026 1.891037
v 0.205791 -0.018107 1.925031
v 0.205791 -0.018107 1.891037
v 0.220541 -0.037321 1.925031
v 0.220541 -0.037321 1.891037
v 0.308371 -0.038403 1.925031
v 0.308371 -0.033404 1.891037
v 0.317986 -0.016779 1.925031
v 0.317986 -0.016779 1.891037
v 0.256245 -0.675925 1.891037
v 0.256245 -0.675925 1.925031
v 0.256245 -0.641931 1.925031
v 0.256245 -0.641931 1.891037
v 0.285652 -0.675878 1.891037
v 0.285652 -0.675878 1.925031
v 0.285652 -0.641884 1.925031
v 0.285652 -0.641884 1.891037
v 0.255272 -0.035090 1.925031
v 0.284679 -0.035043 1.925031
v 0.284679 -0.035043 1.891037
v 0.144908 -0.270343 1.925031
v 0.144908 -0.270343 1.891037
v 0.110914 -0.270343 1.891037
v 0.110914 -0.270343 1.925031
v 0.144908 -0.308393 1.891037
v 0.110914 -0.308393 1.925031
v 0.144908 -0.308393 1.925031
v 0.110914 -0.308393 1.891037
v 0.386010 -0.270343 1.925031
v 0.386010 -0.270343 1.891037
v 0.386010 -0.308393 1.891037
v 0.386010 -0.308393 1.925031
v 0.255286 -0.043807 1.925031
v 0.255286 -0.043807 1.891037
v 0.284693 -0.043760 1.891037
v 0.669629 -0.676020 1.925031
v 0.669629 -0.642025 1.925031
v 0.669629 -0.676020 1.891037
v 0.669629 -0.642025 1.891037
v 0.703624 -0.676020 1.925031
v 0.703624 -0.642025 1.925031
v 0.703624 -0.676020 1.891037
v 0.703624 -0.642025 1.891037
v 0.669629 -0.479957 1.925031
v 0.669629 -0.479957 1.891037
v 0.703624 -0.479957 1.925031
v 0.703624 -0.479957 1.891037
v 0.942621 -0.675796 1.925031
v 0.942621 -0.641802 1.925031
v 0.942621 -0.675796 1.891037
v 0.942621 -0.641802 1.891037
v 0.976616 -0.675796 1.925031
v 0.976616 -0.641802 1.925031
v 0.976616 -0.675796 1.891037
v 0.976616 -0.641802 1.891037
v 0.942621 -0.479733 1.925031
v 0.942621 -0.479733 1.891037
v 0.976616 -0.479733 1.925031
v 0.976616 -0.479733 1.891037
v 0.669629 -0.187020 1.925031
v 0.669629 -0.187020 1.891037
v 0.703624 -0.187020 1.925031
v 0.703624 -0.187020 1.891037
v 0.942621 -0.186796 1.925031
v 0.942621 -0.186796 1.891037
v 0.976616 -0.186796 1.925031
v 0.976616 -0.186796 1.891037
v 0.718486 -0.053436 1.925031
v 0.718486 -0.053436 1.891037
v 0.733236 -0.072650 1.925031
v 0.733236 -0.072650 1.891037
v 0.912055 -0.071613 1.925031
v 0.912055 -0.071613 1.891037
v 0.928712 -0.054026 1.925031
v 0.928712 -0.054026 1.891037
v 0.764507 -0.018107 1.925031
v 0.764507 -0.018107 1.891037
v 0.779257 -0.037321 1.925031
v 0.779257 -0.037321 1.891037
v 0.867087 -0.038403 1.925031
v 0.867087 -0.033404 1.891037
v 0.876702 -0.016779 1.925031
v 0.876702 -0.016779 1.891037
v 0.814960 -0.675925 1.891037
v 0.814960 -0.675925 1.925031
v 0.814960 -0.641931 1.925031
v 0.814960 -0.641931 1.891037
v 0.844368 -0.675878 1.891037
v 0.844368 -0.675878 1.925031
v 0.844368 -0.641884 1.925031
v 0.844368 -0.641884 1.891037
v 0.813987 -0.035090 1.925031
v 0.843394 -0.035043 1.925031
v 0.843394 -0.035043 1.891037
v 0.703624 -0.270343 1.925031
v 0.703624 -0.270343 1.891037
v 0.669629 -0.270343 1.891037
v 0.669629 -0.270343 1.925031
v 0.703624 -0.308393 1.891037
v 0.669629 -0.308393 1.925031
v 0.703624 -0.308393 1.925031
v 0.669629 -0.308393 1.891037
v 0.944726 -0.270343 1.925031
v 0.944726 -0.270343 1.891037
v 0.944726 -0.308393 1.891037
v 0.944726 -0.308393 1.925031
v 0.814001 -0.043807 1.925031
v 0.814001 -0.043807 1.891037
v 0.843408 -0.043760 1.891037
v 1.228345 -0.676020 1.925031
v 1.228345 -0.642025 1.925031
v 1.228345 -0.676020 1.891037
v 1.228345 -0.642025 1.891037
v 1.262339 -0.676020 1.925031
v 1.262339 -0.642025 1.925031
v 1.262339 -0.676020 1.891037
v 1.262339 -0.642025 1.891037
v 1.228345 -0.479957 1.925031
v 1.228345 -0.479957 1.891037
v 1.262339 -0.479957 1.925031
v 1.262339 -0.479957 1.891037
v 1.501337 -0.675796 1.925031
v 1.501337 -0.641802 1.925031
v 1.501337 -0.675796 1.891037
v 1.501337 -0.641802 1.891037
v 1.535331 -0.675796 1.925031
v 1.535331 -0.641802 1.925031
v 1.535331 -0.675796 1.891037
v 1.535331 -0.641802 1.891037
v 1.501337 -0.479733 1.925031
v 1.501337 -0.479733 1.891037
v 1.535331 -0.479733 1.925031
v 1.535331 -0.479733 1.891037
v 1.228345 -0.187020 1.925031
v 1.228345 -0.187020 1.891037
v 1.262339 -0.187020 1.925031
v 1.262339 -0.187020 1.891037
v 1.501337 -0.186796 1.925031
v 1.501337 -0.186796 1.891037
v 1.535331 -0.186796 1.925031
v 1.535331 -0.186796 1.891037
v 1.277201 -0.053436 1.925031
v 1.277201 -0.053436 1.891037
v 1.291952 -0.072650 1.925031
v 1.291952 -0.072650 1.891037
v 1.470771 -0.071613 1.925031
v 1.470771 -0.071613 1.891037
v 1.487428 -0.054026 1.925031
v 1.487428 -0.054026 1.891037
v 1.323222 -0.018107 1.925031
v 1.323222 -0.018107 1.891037
v 1.337972 -0.037321 1.925031
v 1.337972 -0.037321 1.891037
v 1.425802 -0.038403 1.925031
v 1.425802 -0.033404 1.891037
v 1.435417 -0.016779 1.925031
v 1.435417 -0.016779 1.891037
v 1.373676 -0.675925 1.891037
v 1.373676 -0.675925 1.925031
v 1.373676 -0.641931 1.925031
v 1.373676 -0.641931 1.891037
v 1.403083 -0.675878 1.891037
v 1.403083 -0.675878 1.925031
v 1.403083 -0.641884 1.925031
v 1.403083 -0.641884 1.891037
v 1.372703 -0.035090 1.925031
v 1.402110 -0.035043 1.925031
v 1.402110 -0.035043 1.891037
v 1.262339 -0.270343 1.925031
v 1.262339 -0.270343 1.891037
v 1.228345 -0.270343 1.891037
v 1.228345 -0.270343 1.925031
v 1.262339 -0.308393 1.891037
v 1.228345 -0.308393 1.925031
v 1.262339 -0.308393 1.925031
v 1.228345 -0.308393 1.891037
v 1.503441 -0.270343 1.925031
v 1.503441 -0.270343 1.891037
v 1.503441 -0.308393 1.891037
v 1.503441 -0.308393 1.925031
v 1.372717 -0.043807 1.925031
v 1.372717 -0.043807 1.891037
v 1.402124 -0.043760 1.891037
v 1.787060 -0.676020 1.925031
v 1.787060 -0.642025 1.925031
v 1.787060 -0.676020 1.891037
v 1.787060 -0.642025 1.891037
v 1.821055 -0.676020 1.925031
v 1.821055 -0.642025 1.925031
v 1.821055 -0.676020 1.891037
v 1.821055 -0.642025 1.891037
v 1.787060 -0.479957 1.925031
v 1.787060 -0.479957 1.891037
v 1.821055 -0.479957 1.925031
v 1.821055 -0.479957 1.891037
v 2.060053 -0.675796 1.925031
v 2.060053 -0.641802 1.925031
v 2.060053 -0.675796 1.891037
v 2.060053 -0.641802 1.891037
v 2.094047 -0.675796 1.925031
v 2.094047 -0.641802 1.925031
v 2.094047 -0.675796 1.891037
v 2.094047 -0.641802 1.891037
v 2.060053 -0.479733 1.925031
v 2.060053 -0.479733 1.891037
v 2.094047 -0.479733 1.925031
v 2.094047 -0.479733 1.891037
v 1.787060 -0.187020 1.925031
v 1.787060 -0.187020 1.891037
v 1.821055 -0.187020 1.925031
v 1.821055 -0.187020 1.891037
v 2.060053 -0.186796 1.925031
v 2.060053 -0.186796 1.891037
v 2.094047 -0.186796 1.925031
v 2.094047 -0.186796 1.891037
v 1.835917 -0.053436 1.925031
v 1.835917 -0.053436 1.891037
v 1.850667 -0.072650 1.925031
v 1.850667 -0.072650 1.891037
v 2.029486 -0.071613 1.925031
v 2.029486 -0.071613 1.891037
v 2.046143 -0.054026 1.925031
v 2.046143 -0.054026 1.891037
v 1.881938 -0.018107 1.925031
v 1.881938 -0.018107 1.891037
v 1.896688 -0.037321 1.925031
v 1.896688 -0.037321 1.891037
v 1.984518 -0.038403 1.925031
v 1.984518 -0.033404 1.891037
v 1.994133 -0.016779 1.925031
v 1.994133 -0.016779 1.891037
v 1.932391 -0.675925 1.891037
v 1.932391 -0.675925 1.925031
v 1.932391 -0.641931 1.925031
v 1.932391 -0.641931 1.891037
v 1.961798 -0.675878 1.891037
v 1.961798 -0.675878 1.925031
v 1.961798 -0.641884 1.925031
v 1.961798 -0.641884 1.891037
v 1.931418 -0.035090 1.925031
v 1.960825 -0.035043 1.925031
v 1.960825 -0.035043 1.891037
v 1.821055 -0.270343 1.925031
v 1.821055 -0.270343 1.891037
v 1.787060 -0.270343 1.891037
v 1.787060 -0.270343 1.925031
v 1.821055 -0.308393 1.891037
v 1.787060 -0.308393 1.925031
v 1.821055 -0.308393 1.925031
v 1.787060 -0.308393 1.891037
v 2.062157 -0.270343 1.925031
v 2.062157 -0.270343 1.891037
v 2.062157 -0.308393 1.891037
v 2.062157 -0.308393 1.925031
v 1.931432 -0.043807 1.925031
v 1.931432 -0.043807 1.891037
v 1.960839 -0.043760 1.891037
vn 1.0000 -0.0000 -0.0000
vn -0.0000 -0.0000 1.0000
vn -0.0000 -0.0000 -1.0000
vn -0.0000 1.0000 -0.0000
vn -1.0000 -0.0000 -0.0000
vn 0.0008 -1.0000 -0.0000
vn -0.0000 -1.0000 -0.0000
vn -0.0008 1.0000 -0.0000
vn -0.6089 0.7932 -0.0000
vn 0.9406 0.3394 -0.0000
vn -0.9665 -0.2565 -0.0000
vn -0.9681 0.2507 -0.0000
vn 0.9392 -0.3435 -0.0000
vn 0.0161 -0.9972 -0.0733
vn 0.6089 -0.7932 -0.0000
vn 0.5822 0.8130 -0.0000
vn -0.6208 -0.7818 -0.0575
vn -0.0118 0.9999 -0.0000
vn -0.0016 1.0000 -0.0000
vn 0.0016 -1.0000 -0.0000
vn 1.0000 0.0016 -0.0000
vt 0.375000 0.000000
vt 0.375000 0.250000
vt 0.625000 0.250000
vt 0.625000 0.000000
vt 0.375000 0.500000
vt 0.625000 0.500000
vt 0.375000 0.855516
vt 0.625000 0.855516
vt 0.625000 0.750000
vt 0.375000 0.750000
vt 0.375000 1.000000
vt 0.625000 1.000000
vt 0.125000 0.500000
vt 0.125000 0.750000
vt 0.269484 0.500000
vt 0.269484 0.750000
vt 0.625000 0.433453
vt 0.625000 0.394484
vt 0.375000 0.394484
vt 0.625000 0.341831
vt 0.375000 0.341831
vt 0.625000 0.275492
vt 0.216831 0.500000
vt 0.216831 0.750000
vt 0.375000 0.908170
vt 0.625000 0.908169
s 0
f 817/304/246 819/305/246 820/306/246 818/307/246
f 819/305/247 823/308/247 824/309/247 820/306/247
f 866/310/247 867/311/247 822/312/247 821/313/247
f 821/313/248 817/314/248 818/315/248 822/312/248
f 819/316/249 817/317/249 821/313/249 823/308/249
f 824/309/247 828/309/247 826/306/247 820/306/247
f 839/312/246 840/309/246 848/309/246 847/312/246
f 822/312/250 827/312/250 828/309/250 824/309/250
f 820/306/246 826/306/246 825/307/246 818/307/246
f 818/315/248 825/315/248 827/312/248 822/312/248
f 865/318/251 866/319/251 821/313/251 823/308/251
f 831/305/248 832/306/248 836/309/248 835/308/248
f 835/308/246 836/309/246 834/312/246 833/313/246
f 833/313/247 834/312/247 830/315/247 829/314/247
f 831/316/252 835/308/252 833/313/252 829/317/252
f 836/309/248 832/306/248 838/306/248 840/309/248
f 877/309/250 876/312/250 843/312/250 844/309/250
f 834/312/246 836/309/246 840/309/246 839/312/246
f 832/306/250 830/307/250 837/307/250 838/306/250
f 830/315/247 834/312/247 839/312/247 837/315/247
f 867/320/253 868/321/253 824/309/253 822/312/253
f 868/321/248 865/322/248 823/308/248 824/309/248
f 848/309/248 846/306/248 854/306/248 856/309/248
f 845/315/247 847/312/247 855/312/247 853/315/247
f 879/307/246 878/306/246 842/306/246 841/307/246
f 838/306/250 837/307/250 845/307/250 846/306/250
f 876/312/248 879/315/248 841/315/248 843/312/248
f 837/315/247 839/312/247 847/312/247 845/315/247
f 878/306/247 877/309/247 844/309/247 842/306/247
f 840/309/248 838/306/248 846/306/248 848/309/248
f 852/309/254 851/312/254 859/312/254 860/309/254
f 853/315/247 855/312/247 863/312/247 861/315/247
f 843/312/248 841/315/248 849/315/248 851/312/248
f 842/306/247 844/309/247 852/309/247 850/306/247
f 847/312/255 848/309/255 856/309/255 855/312/255
f 846/306/256 845/307/256 853/307/256 854/306/256
f 844/309/257 843/312/257 851/312/257 852/309/257
f 841/307/258 842/306/258 850/306/258 849/307/258
f 862/306/259 861/307/259 859/312/259 860/309/259
f 849/307/260 850/306/260 858/306/260 857/307/260
f 851/312/248 849/315/248 857/315/248 859/312/248
f 850/306/247 852/309/247 860/309/247 858/306/247
f 864/309/248 862/306/248 860/309/248 858/306/248
f 856/309/248 854/306/248 862/306/248 864/309/248
f 855/312/261 856/309/261 864/309/261 863/312/261
f 854/306/262 853/307/262 861/307/262 862/306/262
f 861/315/247 863/312/247 857/315/247 859/312/247
f 863/312/263 864/309/263 858/306/263 857/307/263
f 872/323/248 869/324/248 865/322/248 868/321/248
f 871/325/264 872/323/264 868/321/264 867/320/264
f 869/326/265 870/327/265 866/319/265 865/318/265
f 870/328/247 871/329/247 867/311/247 866/310/247
f 829/314/247 830/315/247 871/329/247 870/328/247
f 831/316/251 829/317/251 870/327/251 869/326/251
f 830/307/253 832/306/253 872/323/253 871/325/253
f 832/306/248 831/305/248 869/324/248 872/323/248
f 871/325/266 872/323/266 875/323/266 874/325/266
f 867/320/247 871/325/247 874/325/247 873/320/247
f 883/306/247 880/309/247 877/309/247 878/306/247
f 882/312/248 881/315/248 879/315/248 876/312/248
f 881/307/246 883/306/246 878/306/246 879/307/246
f 882/312/248 876/312/248 884/312/248 887/312/248
f 828/309/250 827/312/250 882/312/250 880/309/250
f 825/307/246 826/306/246 883/306/246 881/307/246
f 827/312/248 825/315/248 881/315/248 882/312/248
f 826/306/247 828/309/247 880/309/247 883/306/247
f 886/309/250 887/312/250 884/312/250 885/309/250
f 876/312/252 877/309/252 885/309/252 884/312/252
f 880/309/249 882/312/249 887/312/249 886/309/249
f 877/309/247 880/309/247 886/309/247 885/309/247
f 867/320/266 868/321/266 889/321/266 888/320/266
f 868/321/247 872/323/247 890/323/247 889/321/247
f 891/304/246 893/305/246 894/306/246 892/307/246
f 893/305/247 897/308/247 898/309/247 894/306/247
f 940/310/247 941/311/247 896/312/247 895/313/247
f 895/313/248 891/314/248 892/315/248 896/312/248
f 893/316/249 891/317/249 895/313/249 897/308/249
f 898/309/247 902/309/247 900/306/247 894/306/247
f 913/312/246 914/309/246 922/309/246 921/312/246
f 896/312/250 901/312/250 902/309/250 898/309/250
f 894/306/246 900/306/246 899/307/246 892/307/246
f 892/315/248 899/315/248 901/312/248 896/312/248
f 939/318/251 940/319/251 895/313/251 897/308/251
f 905/305/248 906/306/248 910/309/248 909/308/248
f 909/308/246 910/309/246 908/312/246 907/313/246
f 907/313/247 908/312/247 904/315/247 903/314/247
f 905/316/252 909/308/252 907/313/252 903/317/252
f 910/309/248 906/306/248 912/306/248 914/309/248
f 951/309/250 950/312/250 917/312/250 918/309/250
f 908/312/246 910/309/246 914/309/246 913/312/246
f 906/306/250 904/307/250 911/307/250 912/306/250
f 904/315/247 908/312/247 913/312/247 911/315/247
f 941/320/253 942/321/253 898/309/253 896/312/253
f 942/321/248 939/322/248 897/308/248 898/309/248
f 922/309/248 920/306/248 928/306/248 930/309/248
f 919/315/247 921/312/247 929/312/247 927/315/247
f 953/307/246 952/306/246 916/306/246 915/307/246
f 912/306/250 911/307/250 919/307/250 920/306/250
f 950/312/248 953/315/248 915/315/248 917/312/248
f 911/315/247 913/312/247 921/312/247 919/315/247
f 952/306/247 951/309/247 918/309/247 916/306/247
f 914/309/248 912/306/248 920/306/248 922/309/248
f 926/309/254 925/312/254 933/312/254 934/309/254
f 927/315/247 929/312/247 937/312/247 935/315/247
f 917/312/248 915/315/248 923/315/248 925/312/248
f 916/306/247 918/309/247 926/309/247 924/306/247
f 921/312/255 922/309/255 930/309/255 929/312/255
f 920/306/256 919/307/256 927/307/256 928/306/256
f 918/309/257 917/312/257 925/312/257 926/309/257
f 915/307/258 916/306/258 924/306/258 923/307/258
f 936/306/259 935/307/259 933/312/259 934/309/259
f 923/307/260 924/306/260 932/306/260 931/307/260
f 925/312/248 923/315/248 931/315/248 933/312/248
f 924/306/247 926/309/247 934/309/247 932/306/247
f 938/309/248 936/306/248 934/309/248 932/306/248
f 930/309/248 928/306/248 936/306/248 938/309/248
f 929/312/261 930/309/261 938/309/261 937/312/261
f 928/306/262 927/307/262 935/307/262 936/306/262
f 935/315/247 937/312/247 931/315/247 933/312/247
f 937/312/263 938/309/263 932/306/263 931/307/263
f 946/323/248 943/324/248 939/322/248 942/321/248
f 945/325/264 946/323/264 942/321/264 941/320/264
f 943/326/265 944/327/265 940/319/265 939/318/265
f 944/328/247 945/329/247 941/311/247 940/310/247
f 903/314/247 904/315/247 945/329/247 944/328/247
f 905/316/251 903/317/251 944/327/251 943/326/251
f 904/307/253 906/306/253 946/323/253 945/325/253
f 906/306/248 905/305/248 943/324/248 946/323/248
f 945/325/266 946/323/266 949/323/266 948/325/266
f 941/320/247 945/325/247 948/325/247 947/320/247
f 957/306/247 954/309/247 951/309/247 952/306/247
f 956/312/248 955/315/248 953/315/248 950/312/248
f 955/307/246 957/306/246 952/306/246 953/307/246
f 956/312/248 950/312/248 958/312/248 961/312/248
f 902/309/250 901/312/250 956/312/250 954/309/250
f 899/307/246 900/306/246 957/306/246 955/307/246
f 901/312/248 899/315/248 955/315/248 956/312/248
f 900/306/247 902/309/247 954/309/247 957/306/247
f 960/309/250 961/312/250 958/312/250 959/309/250
f 950/312/252 951/309/252 959/309/252 958/312/252
f 954/309/249 956/312/249 961/312/249 960/309/249
f 951/309/247 954/309/247 960/309/247 959/309/247
f 941/320/266 942/321/266 963/321/266 962/320/266
f 942/321/247 946/323/247 964/323/247 963/321/247
f 965/304/246 967/305/246 968/306/246 966/307/246
f 967/305/247 971/308/247 972/309/247 968/306/247
f 1014/310/247 1015/311/247 970/312/247 969/313/247
f 969/313/248 965/314/248 966/315/248 970/312/248
f 967/316/249 965/317/249 969/313/249 971/308/249
f 972/309/247 976/309/247 974/306/247 968/306/247
f 987/312/246 988/309/246 996/309/246 995/312/246
f 970/312/250 975/312/250 976/309/250 972/309/250
f 968/306/246 974/306/246 973/307/246 966/307/246
f 966/315/248 973/315/248 975/312/248 970/312/248
f 1013/318/251 1014/319/251 969/313/251 971/308/251
f 979/305/248 980/306/248 984/309/248 983/308/248
f 983/308/246 984/309/246 982/312/246 981/313/246
f 981/313/247 982/312/247 978/315/247 977/314/247
f 979/316/252 983/308/252 981/313/252 977/317/252
f 984/309/248 980/306/248 986/306/248 988/309/248
f 1025/309/250 1024/312/250 991/312/250 992/309/250
f 982/312/246 984/309/246 988/309/246 987/312/246
f 980/306/250 978/307/250 985/307/250 986/306/250
f 978/315/247 982/312/247 987/312/247 985/315/247
f 1015/320/253 1016/321/253 972/309/253 970/312/253
f 1016/321/248 1013/322/248 971/308/248 972/309/248
f 996/309/248 994/306/248 1002/306/248 1004/309/248
f 993/315/247 995/312/247 1003/312/247 1001/315/247
f 1027/307/246 1026/306/246 990/306/246 989/307/246
f 986/306/250 985/307/250 993/307/250 994/306/250
f 1024/312/248 1027/315/248 989/315/248 991/312/248
f 985/315/247 987/312/247 995/312/247 993/315/247
f 1026/306/247 1025/309/247 992/309/247 990/306/247
f 988/309/248 986/306/248 994/306/248 996/309/248
f 1000/309/254 999/312/254 1007/312/254 1008/309/254
f 1001/315/247 1003/312/247 1011/312/247 1009/315/247
f 991/312/248 989/315/248 997/315/248 999/312/248
f 990/306/247 992/309/247 1000/309/247 998/306/247
f 995/312/255 996/309/255 1004/309/255 1003/312/255
f 994/306/256 993/307/256 1001/307/256 1002/306/256
f 992/309/257 991/312/257 999/312/257 1000/309/257
f 989/307/258 990/306/258 998/306/258 997/307/258
f 1010/306/259 1009/307/259 1007/312/259 1008/309/259
f 997/307/260 998/306/260 1006/306/260 1005/307/260
f 999/312/248 997/315/248 1005/315/248 1007/312/248
f 998/306/247 1000/309/247 1008/309/247 1006/306/247
f 1012/309/248 1010/306/248 1008/309/248 1006/306/248
f 1004/309/248 1002/306/248 1010/306/248 1012/309/248
f 1003/312/261 1004/309/261 1012/309/261 1011/312/261
f 1002/306/262 1001/307/262 1009/307/262 1010/306/262
f 1009/315/247 1011/312/247 1005/315/247 1007/312/247
f 1011/312/263 1012/309/263 1006/306/263 1005/307/263
f 1020/323/248 1017/324/248 1013/322/248 1016/321/248
f 1019/325/264 1020/323/264 1016/321/264 1015/320/264
f 1017/326/265 1018/327/265 1014/319/265 1013/318/265
f 1018/328/247 1019/329/247 1015/311/247 1014/310/247
f 977/314/247 978/315/247 1019/329/247 1018/328/247
f 979/316/251 977/317/251 1018/327/251 1017/326/251
f 978/307/253 980/306/253 1020/323/253 1019/325/253
f 980/306/248 979/305/248 1017/324/248 1020/323/248
f 1019/325/266 1020/323/266 1023/323/266 1022/325/266
f 1015/320/247 1019/325/247 1022/325/247 1021/320/247
f 1031/306/247 1028/309/247 1025/309/247 1026/306/247
f 1030/312/248 1029/315/248 1027/315/248 1024/312/248
f 1029/307/246 1031/306/246 1026/306/246 1027/307/246
f 1030/312/248 1024/312/248 1032/312/248 1035/312/248
f 976/309/250 975/312/250 1030/312/250 1028/309/250
f 973/307/246 974/306/246 1031/306/246 1029/307/246
f 975/312/248 973/315/248 1029/315/248 1030/312/248
f 974/306/247 976/309/247 1028/309/247 1031/306/247
f 1034/309/250 1035/312/250 1032/312/250 1033/309/250
f 1024/312/252 1025/309/252 1033/309/252 1032/312/252
f 1028/309/249 1030/312/249 1035/312/249 1034/309/249
f 1025/309/247 1028/309/247 1034/309/247 1033/309/247
f 1015/320/266 1016/321/266 1037/321/266 1036/320/266
f 1016/321/247 1020/323/247 1038/323/247 1037/321/247
f 1039/304/246 1041/305/246 1042/306/246 1040/307/246
f 1041/305/247 1045/308/247 1046/309/247 1042/306/247
f 1088/310/247 1089/311/247 1044/312/247 1043/313/247
f 1043/313/248 1039/314/248 1040/315/248 1044/312/248
f 1041/316/249 1039/317/249 1043/313/249 1045/308/249
f 1046/309/247 1050/309/247 1048/306/247 1042/306/247
f 1061/312/246 1062/309/246 1070/309/246 1069/312/246
f 1044/312/250 1049/312/250 1050/309/250 1046/309/250
f 1042/306/246 1048/306/246 1047/307/246 1040/307/246
f 1040/315/248 1047/315/248 1049/312/248 1044/312/248
f 1087/318/251 1088/319/251 1043/313/251 1045/308/251
f 1053/305/248 1054/306/248 1058/309/248 1057/308/248
f 1057/308/246 1058/309/246 1056/312/246 1055/313/246
f 1055/313/247 1056/312/247 1052/315/247 1051/314/247
f 1053/316/252 1057/308/252 1055/313/252 1051/317/252
f 1058/309/248 1054/306/248 1060/306/248 1062/309/248
f 1099/309/250 1098/312/250 1065/312/250 1066/309/250
f 1056/312/246 1058/309/246 1062/309/246 1061/312/246
f 1054/306/250 1052/307/250 1059/307/250 1060/306/250
f 1052/315/247 1056/312/247 1061/312/247 1059/315/247
f 1089/320/253 1090/321/253 1046/309/253 1044/312/253
f 1090/321/248 1087/322/248 1045/308/248 1046/309/248
f 1070/309/248 1068/306/248 1076/306/248 1078/309/248
f 1067/315/247 1069/312/247 1077/312/247 1075/315/247
f 1101/307/246 1100/306/246 1064/306/246 1063/307/246
f 1060/306/250 1059/307/250 1067/307/250 1068/306/250
f 1098/312/248 1101/315/248 1063/315/248 1065/312/248
f 1059/315/247 1061/312/247 1069/312/247 1067/315/247
f 1100/306/247 1099/309/247 1066/309/247 1064/306/247
f 1062/309/248 1060/306/248 1068/306/248 1070/309/248
f 1074/309/254 1073/312/254 1081/312/254 1082/309/254
f 1075/315/247 1077/312/247 1085/312/247 1083/315/247
f 1065/312/248 1063/315/248 1071/315/248 1073/312/248
f 1064/306/247 1066/309/247 1074/309/247 1072/306/247
f 1069/312/255 1070/309/255 1078/309/255 1077/312/255
f 1068/306/256 1067/307/256 1075/307/256 1076/306/256
f 1066/309/257 1065/312/257 1073/312/257 1074/309/257
f 1063/307/258 1064/306/258 1072/306/258 1071/307/258
f 1084/306/259 1083/307/259 1081/312/259 1082/309/259
f 1071/307/260 1072/306/260 1080/306/260 1079/307/260
f 1073/312/248 1071/315/248 1079/315/248 1081/312/248
f 1072/306/247 1074/309/247 1082/309/247 1080/306/247
f 1086/309/248 1084/306/248 1082/309/248 1080/306/248
f 1078/309/248 1076/306/248 1084/306/248 1086/309/248
f 1077/312/261 1078/309/261 1086/309/261 1085/312/261
f 1076/306/262 1075/307/262 1083/307/262 1084/306/262
f 1083/315/247 1085/312/247 1079/315/247 1081/312/247
f 1085/312/263 1086/309/263 1080/306/263 1079/307/263
f 1094/323/248 1091/324/248 1087/322/248 1090/321/248
f 1093/325/264 1094/323/264 1090/321/264 1089/320/264
f 1091/326/265 1092/327/265 1088/319/265 1087/318/265
f 1092/328/247 1093/329/247 1089/311/247 1088/310/247
f 1051/314/247 1052/315/247 1093/329/247 1092/328/247
f 1053/316/251 1051/317/251 1092/327/251 1091/326/251
f 1052/307/253 1054/306/253 1094/323/253 1093/325/253
f 1054/306/248 1053/305/248 1091/324/248 1094/323/248
f 1093/325/266 1094/323/266 1097/323/266 1096/325/266
f 1089/320/247 1093/325/247 1096/325/247 1095/320/247
f 1105/306/247 1102/309/247 1099/309/247 1100/306/247
f 1104/312/248 1103/315/248 1101/315/248 1098/312/248
f 1103/307/246 1105/306/246 1100/306/246 1101/307/246
f 1104/312/248 1098/312/248 1106/312/248 1109/312/248
f 1050/309/250 1049/312/250 1104/312/250 1102/309/250
f 1047/307/246 1048/306/246 1105/306/246 1103/307/246
f 1049/312/248 1047/315/248 1103/315/248 1104/312/248
f 1048/306/247 1050/309/247 1102/309/247 1105/306/247
f 1108/309/250 1109/312/250 1106/312/250 1107/309/250
f 1098/312/252 1099/309/252 1107/309/252 1106/312/252
f 1102/309/249 1104/312/249 1109/312/249 1108/309/249
f 1099/309/247 1102/309/247 1108/309/247 1107/309/247
f 1089/320/266 1090/321/266 1111/321/266 1110/320/266
f 1090/321/247 1094/323/247 1112/323/247 1111/321/247
f 1113/304/246 1115/305/246 1116/306/246 1114/307/246
f 1115/305/247 1119/308/247 1120/309/247 1116/306/247
f 1162/310/247 1163/311/247 1118/312/247 1117/313/247
f 1117/313/248 1113/314/248 1114/315/248 1118/312/248
f 1115/316/249 1113/317/249 1117/313/249 1119/308/249
f 1120/309/247 1124/309/247 1122/306/247 1116/306/247
f 1135/312/246 1136/309/246 1144/309/246 1143/312/246
f 1118/312/250 1123/312/250 1124/309/250 1120/309/250
f 1116/306/246 1122/306/246 1121/307/246 1114/307/246
f 1114/315/248 1121/315/248 1123/312/248 1118/312/248
f 1161/318/251 1162/319/251 1117/313/251 1119/308/251
f 1127/305/248 1128/306/248 1132/309/248 1131/308/248
f 1131/308/246 1132/309/246 1130/312/246 1129/313/246
f 1129/313/247 1130/312/247 1126/315/247 1125/314/247
f 1127/316/252 1131/308/252 1129/313/252 1125/317/252
f 1132/309/248 1128/306/248 1134/306/248 1136/309/248
f 1173/309/250 1172/312/250 1139/312/250 1140/309/250
f 1130/312/246 1132/309/246 1136/309/246 1135/312/246
f 1128/306/250 1126/307/250 1133/307/250 1134/306/250
f 1126/315/247 1130/312/247 1135/312/247 1133/315/247
f 1163/320/253 1164/321/253 1120/309/253 1118/312/253
f 1164/321/248 1161/322/248 1119/308/248 1120/309/248
f 1144/309/248 1142/306/248 1150/306/248 1152/309/248
f 1141/315/247 1143/312/247 1151/312/247 1149/315/247
f 1175/307/246 1174/306/246 1138/306/246 1137/307/246
f 1134/306/250 1133/307/250 1141/307/250 1142/306/250
f 1172/312/248 1175/315/248 1137/315/248 1139/312/248
f 1133/315/247 1135/312/247 1143/312/247 1141/315/247
f 1174/306/247 1173/309/247 1140/309/247 1138/306/247
f 1136/309/248 1134/306/248 1142/306/248 1144/309/248
f 1148/309/254 1147/312/254 1155/312/254 1156/309/254
f 1149/315/247 1151/312/247 1159/312/247 1157/315/247
f 1139/312/248 1137/315/248 1145/315/248 1147/312/248
f 1138/306/247 1140/309/247 1148/309/247 1146/306/247
f 1143/312/255 1144/309/255 1152/309/255 1151/312/255
f 1142/306/256 1141/307/256 1149/307/256 1150/306/256
f 1140/309/257 1139/312/257 1147/312/257 1148/309/257
f 1137/307/258 1138/306/258 1146/306/258 1145/307/258
f 1158/306/259 1157/307/259 1155/312/259 1156/309/259
f 1145/307/260 1146/306/260 1154/306/260 1153/307/260
f 1147/312/248 1145/315/248 1153/315/248 1155/312/248
f 1146/306/247 1148/309/247 1156/309/247 1154/306/247
f 1160/309/248 1158/306/248 1156/309/248 1154/306/248
f 1152/309/248 1150/306/248 1158/306/248 1160/309/248
f 1151/312/261 1152/309/261 1160/309/261 1159/312/261
f 1150/306/262 1149/307/262 1157/307/262 1158/306/262
f 1157/315/247 1159/312/247 1153/315/247 1155/312/247
f 1159/312/263 1160/309/263 1154/306/263 1153/307/263
f 1168/323/248 1165/324/248 1161/322/248 1164/321/248
f 1167/325/264 1168/323/264 1164/321/264 1163/320/264
f 1165/326/265 1166/327/265 1162/319/265 1161/318/265
f 1166/328/247 1167/329/247 1163/311/247 1162/310/247
f 1125/314/247 1126/315/247 1167/329/247 1166/328/247
f 1127/316/251 1125/317/251 1166/327/251 1165/326/251
f 1126/307/253 1128/306/253 1168/323/253 1167/325/253
f 1128/306/248 1127/305/248 1165/324/248 1168/323/248
f 1167/325/266 1168/323/266 1171/323/266 1170/325/266
f 1163/320/247 1167/325/247 1170/325/247 1169/320/247
f 1179/306/247 1176/309/247 1173/309/247 1174/306/247
f 1178/312/248 1177/315/248 1175/315/248 1172/312/248
f 1177/307/246 1179/306/246 1174/306/246 1175/307/246
f 1178/312/248 1172/312/248 1180/312/248 1183/312/248
f 1124/309/250 1123/312/250 1178/312/250 1176/309/250
f 1121/307/246 1122/306/246 1179/306/246 1177/307/246
f 1123/312/248 1121/315/248 1177/315/248 1178/312/248
f 1122/306/247 1124/309/247 1176/309/247 1179/306/247
f 1182/309/250 1183/312/250 1180/312/250 1181/309/250
f 1172/312/252 1173/309/252 1181/309/252 1180/312/252
f 1176/309/249 1178/312/249 1183/312/249 1182/309/249
f 1173/309/247 1176/309/247 1182/309/247 1181/309/247
f 1163/320/266 1164/321/266 1185/321/266 1184/320/266
f 1164/321/247 1168/323/247 1186/323/247 1185/321/247
f 1187/304/246 1189/305/246 1190/306/246 1188/307/246
f 1189/305/247 1193/308/247 1194/309/247 1190/306/247
f 1236/310/247 1237/311/247 1192/312/247 1191/313/247
f 1191/313/248 1187/314/248 1188/315/248 1192/312/248
f 1189/316/249 1187/317/249 1191/313/249 1193/308/249
f 1194/309/247 1198/309/247 1196/306/247 1190/306/247
f 1209/312/246 1210/309/246 1218/309/246 1217/312/246
f 1192/312/250 1197/312/250 1198/309/250 1194/309/250
f 1190/306/246 1196/306/246 1195/307/246 1188/307/246
f 1188/315/248 1195/315/248 1197/312/248 1192/312/248
f 1235/318/251 1236/319/251 1191/313/251 1193/308/251
f 1201/305/248 1202/306/248 1206/309/248 1205/308/248
f 1205/308/246 1206/309/246 1204/312/246 1203/313/246
f 1203/313/247 1204/312/247 1200/315/247 1199/314/247
f 1201/316/252 1205/308/252 1203/313/252 1199/317/252
f 1206/309/248 1202/306/248 1208/306/248 1210/309/248
f 1247/309/250 1246/312/250 1213/312/250 1214/309/250
f 1204/312/246 1206/309/246 1210/309/246 1209/312/246
f 1202/306/250 1200/307/250 1207/307/250 1208/306/250
f 1200/315/247 1204/312/247 1209/312/247 1207/315/247
f 1237/320/253 1238/321/253 1194/309/253 1192/312/253
f 1238/321/248 1235/322/248 1193/308/248 1194/309/248
f 1218/309/248 1216/306/248 1224/306/248 1226/309/248
f 1215/315/247 1217/312/247 1225/312/247 1223/315/247
f 1249/307/246 1248/306/246 1212/306/246 1211/307/246
f 1208/306/250 1207/307/250 1215/307/250 1216/306/250
f 1246/312/248 1249/315/248 1211/315/248 1213/312/248
f 1207/315/247 1209/312/247 1217/312/247 1215/315/247
f 1248/306/247 1247/309/247 1214/309/247 1212/306/247
f 1210/309/248 1208/306/248 1216/306/248 1218/309/248
f 1222/309/254 1221/312/254 1229/312/254 1230/309/254
f 1223/315/247 1225/312/247 1233/312/247 1231/315/247
f 1213/312/248 1211/315/248 1219/315/248 1221/312/248
f 1212/306/247 1214/309/247 1222/309/247 1220/306/247
f 1217/312/255 1218/309/255 1226/309/255 1225/312/255
f 1216/306/256 1215/307/256 1223/307/256 1224/306/256
f 1214/309/257 1213/312/257 1221/312/257 1222/309/257
f 1211/307/258 1212/306/258 1220/306/258 1219/307/258
f 1232/306/259 1231/307/259 1229/312/259 1230/309/259
f 1219/307/260 1220/306/260 1228/306/260 1227/307/260
f 1221/312/248 1219/315/248 1227/315/248 1229/312/248
f 1220/306/247 1222/309/247 1230/309/247 1228/306/247
f 1234/309/248 1232/306/248 1230/309/248 1228/306/248
f 1226/309/248 1224/306/248 1232/306/248 1234/309/248
f 1225/312/261 1226/309/261 1234/309/261 1233/312/261
f 1224/306/262 1223/307/262 1231/307/262 1232/306/262
f 1231/315/247 1233/312/247 1227/315/247 1229/312/247
f 1233/312/263 1234/309/263 1228/306/263 1227/307/263
f 1242/323/248 1239/324/248 1235/322/248 1238/321/248
f 1241/325/264 1242/323/264 1238/321/264 1237/320/264
f 1239/326/265 1240/327/265 1236/319/265 1235/318/265
f 1240/328/247 1241/329/247 1237/311/247 1236/310/247
f 1199/314/247 1200/315/247 1241/329/247 1240/328/247
f 1201/316/251 1199/317/251 1240/327/251 1239/326/251
f 1200/307/253 1202/306/253 1242/323/253 1241/325/253
f 1202/306/248 1201/305/248 1239/324/248 1242/323/248
f 1241/325/266 1242/323/266 1245/323/266 1244/325/266
f 1237/320/247 1241/325/247 1244/325/247 1243/320/247
f 1253/306/247 1250/309/247 1247/309/247 1248/306/247
f 1252/312/248 1251/315/248 1249/315/248 1246/312/248
f 1251/307/246 1253/306/246 1248/306/246 1249/307/246
f 1252/312/248 1246/312/248 1254/312/248 1257/312/248
f 1198/309/250 1197/312/250 1252/312/250 1250/309/250
f 1195/307/246 1196/306/246 1253/306/246 1251/307/246
f 1197/312/248 1195/315/248 1251/315/248 1252/312/248
f 1196/306/247 1198/309/247 1250/309/247 1253/306/247
f 1256/309/250 1257/312/250 1254/312/250 1255/309/250
f 1246/312/252 1247/309/252 1255/309/252 1254/312/252
f 1250/309/249 1252/312/249 1257/312/249 1256/309/249
f 1247/309/247 1250/309/247 1256/309/247 1255/309/247
f 1237/320/266 1238/321/266 1259/321/266 1258/320/266
f 1238/321/247 1242/323/247 1260/323/247 1259/321/247
f 1261/304/246 1263/305/246 1264/306/246 1262/307/246
f 1263/305/247 1267/308/247 1268/309/247 1264/306/247
f 1310/310/247 1311/311/247 1266/312/247 1265/313/247
f 1265/313/248 1261/314/248 1262/315/248 1266/312/248
f 1263/316/249 1261/317/249 1265/313/249 1267/308/249
f 1268/309/247 1272/309/247 1270/306/247 1264/306/247
f 1283/312/246 1284/309/246 1292/309/246 1291/312/246
f 1266/312/250 1271/312/250 1272/309/250 1268/309/250
f 1264/306/246 1270/306/246 1269/307/246 1262/307/246
f 1262/315/248 1269/315/248 1271/312/248 1266/312/248
f 1309/318/251 1310/319/251 1265/313/251 1267/308/251
f 1275/305/248 1276/306/248 1280/309/248 1279/308/248
f 1279/308/246 1280/309/246 1278/312/246 1277/313/246
f 1277/313/247 1278/312/247 1274/315/247 1273/314/247
f 1275/316/252 1279/308/252 1277/313/252 1273/317/252
f 1280/309/248 1276/306/248 1282/306/248 1284/309/248
f 1321/309/250 1320/312/250 1287/312/250 1288/309/250
f 1278/312/246 1280/309/246 1284/309/246 1283/312/246
f 1276/306/250 1274/307/250 1281/307/250 1282/306/250
f 1274/315/247 1278/312/247 1283/312/247 1281/315/247
f 1311/320/253 1312/321/253 1268/309/253 1266/312/253
f 1312/321/248 1309/322/248 1267/308/248 1268/309/248
f 1292/309/248 1290/306/248 1298/306/248 1300/309/248
f 1289/315/247 1291/312/247 1299/312/247 1297/315/247
f 1323/307/246 1322/306/246 1286/306/246 1285/307/246
f 1282/306/250 1281/307/250 1289/307/250 1290/306/250
f 1320/312/248 1323/315/248 1285/315/248 1287/312/248
f 1281/315/247 1283/312/247 1291/312/247 1289/315/247
f 1322/306/247 1321/309/247 1288/309/247 1286/306/247
f 1284/309/248 1282/306/248 1290/306/248 1292/309/248
f 1296/309/254 1295/312/254 1303/312/254 1304/309/254
f 1297/315/247 1299/312/247 1307/312/247 1305/315/247
f 1287/312/248 1285/315/248 1293/315/248 1295/312/248
f 1286/306/247 1288/309/247 1296/309/247 1294/306/247
f 1291/312/255 1292/309/255 1300/309/255 1299/312/255
f 1290/306/256 1289/307/256 1297/307/256 1298/306/256
f 1288/309/257 1287/312/257 1295/312/257 1296/309/257
f 1285/307/258 1286/306/258 1294/306/258 1293/307/258
f 1306/306/259 1305/307/259 1303/312/259 1304/309/259
f 1293/307/260 1294/306/260 1302/306/260 1301/307/260
f 1295/312/248 1293/315/248 1301/315/248 1303/312/248
f 1294/306/247 1296/309/247 1304/309/247 1302/306/247
f 1308/309/248 1306/306/248 1304/309/248 1302/306/248
f 1300/309/248 1298/306/248 1306/306/248 1308/309/248
f 1299/312/261 1300/309/261 1308/309/261 1307/312/261
f 1298/306/262 1297/307/262 1305/307/262 1306/306/262
f 1305/315/247 1307/312/247 1301/315/247 1303/312/247
f 1307/312/263 1308/309/263 1302/306/263 1301/307/263
f 1316/323/248 1313/324/248 1309/322/248 1312/321/248
f 1315/325/264 1316/323/264 1312/321/264 1311/320/264
f 1313/326/265 1314/327/265 1310/319/265 1309/318/265
f 1314/328/247 1315/329/247 1311/311/247 1310/310/247
f 1273/314/247 1274/315/247 1315/329/247 1314/328/247
f 1275/316/251 1273/317/251 1314/327/251 1313/326/251
f 1274/307/253 1276/306/253 1316/323/253 1315/325/253
f 1276/306/248 1275/305/248 1313/324/248 1316/323/248
f 1315/325/266 1316/323/266 1319/323/266 1318/325/266
f 1311/320/247 1315/325/247 1318/325/247 1317/320/247
f 1327/306/247 1324/309/247 1321/309/247 1322/306/247
f 1326/312/248 1325/315/248 1323/315/248 1320/312/248
f 1325/307/246 1327/306/246 1322/306/246 1323/307/246
f 1326/312/248 1320/312/248 1328/312/248 1331/312/248
f 1272/309/250 1271/312/250 1326/312/250 1324/309/250
f 1269/307/246 1270/306/246 1327/306/246 1325/307/246
f 1271/312/248 1269/315/248 1325/315/248 1326/312/248
f 1270/306/247 1272/309/247 1324/309/247 1327/306/247
f 1330/309/250 1331/312/250 1328/312/250 1329/309/250
f 1320/312/252 1321/309/252 1329/309/252 1328/312/252
f 1324/309/249 1326/312/249 1331/312/249 1330/309/249
f 1321/309/247 1324/309/247 1330/309/247 1329/309/247
f 1311/320/266 1312/321/266 1333/321/266 1332/320/266
f 1312/321/247 1316/323/247 1334/323/247 1333/321/247
f 1335/304/246 1337/305/246 1338/306/246 1336/307/246
f 1337/305/247 1341/308/247 1342/309/247 1338/306/247
f 1384/310/247 1385/311/247 1340/312/247 1339/313/247
f 1339/313/248 1335/314/248 1336/315/248 1340/312/248
f 1337/316/249 1335/317/249 1339/313/249 1341/308/249
f 1342/309/247 1346/309/247 1344/306/247 1338/306/247
f 1357/312/246 1358/309/246 1366/309/246 1365/312/246
f 1340/312/250 1345/312/250 1346/309/250 1342/309/250
f 1338/306/246 1344/306/246 1343/307/246 1336/307/246
f 1336/315/248 1343/315/248 1345/312/248 1340/312/248
f 1383/318/251 1384/319/251 1339/313/251 1341/308/251
f 1349/305/248 1350/306/248 1354/309/248 1353/308/248
f 1353/308/246 1354/309/246 1352/312/246 1351/313/246
f 1351/313/247 1352/312/247 1348/315/247 1347/314/247
f 1349/316/252 1353/308/252 1351/313/252 1347/317/252
f 1354/309/248 1350/306/248 1356/306/248 1358/309/248
f 1395/309/250 1394/312/250 1361/312/250 1362/309/250
f 1352/312/246 1354/309/246 1358/309/246 1357/312/246
f 1350/306/250 1348/307/250 1355/307/250 1356/306/250
f 1348/315/247 1352/312/247 1357/312/247 1355/315/247
f 1385/320/253 1386/321/253 1342/309/253 1340/312/253
f 1386/321/248 1383/322/248 1341/308/248 1342/309/248
f 1366/309/248 1364/306/248 1372/306/248 1374/309/248
f 1363/315/247 1365/312/247 1373/312/247 1371/315/247
f 1397/307/246 1396/306/246 1360/306/246 1359/307/246
f 1356/306/250 1355/307/250 1363/307/250 1364/306/250
f 1394/312/248 1397/315/248 1359/315/248 1361/312/248
f 1355/315/247 1357/312/247 1365/312/247 1363/315/247
f 1396/306/247 1395/309/247 1362/309/247 1360/306/247
f 1358/309/248 1356/306/248 1364/306/248 1366/309/248
f 1370/309/254 1369/312/254 1377/312/254 1378/309/254
f 1371/315/247 1373/312/247 1381/312/247 1379/315/247
f 1361/312/248 1359/315/248 1367/315/248 1369/312/248
f 1360/306/247 1362/309/247 1370/309/247 1368/306/247
f 1365/312/255 1366/309/255 1374/309/255 1373/312/255
f 1364/306/256 1363/307/256 1371/307/256 1372/306/256
f 1362/309/257 1361/312/257 1369/312/257 1370/309/257
f 1359/307/258 1360/306/258 1368/306/258 1367/307/258
f 1380/306/259 1379/307/259 1377/312/259 1378/309/259
f 1367/307/260 1368/306/260 1376/306/260 1375/307/260
f 1369/312/248 1367/315/248 1375/315/248 1377/312/248
f 1368/306/247 1370/309/247 1378/309/247 1376/306/247
f 1382/309/248 1380/306/248 1378/309/248 1376/306/248
f 1374/309/248 1372/306/248 1380/306/248 1382/309/248
f 1373/312/261 1374/309/261 1382/309/261 1381/312/261
f 1372/306/262 1371/307/262 1379/307/262 1380/306/262
f 1379/315/247 1381/312/247 1375/315/247 1377/312/247
f 1381/312/263 1382/309/263 1376/306/263 1375/307/263
f 1390/323/248 1387/324/248 1383/322/248 1386/321/248
f 1389/325/264 1390/323/264 1386/321/264 1385/320/264
f 1387/326/265 1388/327/265 1384/319/265 1383/318/265
f 1388/328/247 1389/329/247 1385/311/247 1384/310/247
f 1347/314/247 1348/315/247 1389/329/247 1388/328/247
f 1349/316/251 1347/317/251 1388/327/251 1387/326/251
f 1348/307/253 1350/306/253 1390/323/253 1389/325/253
f 1350/306/248 1349/305/248 1387/324/248 1390/323/248
f 1389/325/266 1390/323/266 1393/323/266 1392/325/266
f 1385/320/247 1389/325/247 1392/325/247 1391/320/247
f 1401/306/247 1398/309/247 1395/309/247 1396/306/247
f 1400/312/248 1399/315/248 1397/315/248 1394/312/248
f 1399/307/246 1401/306/246 1396/306/246 1397/307/246
f 1400/312/248 1394/312/248 1402/312/248 1405/312/248
f 1346/309/250 1345/312/250 1400/312/250 1398/309/250
f 1343/307/246 1344/306/246 1401/306/246 1399/307/246
f 1345/312/248 1343/315/248 1399/315/248 1400/312/248
f 1344/306/247 1346/309/247 1398/309/247 1401/306/247
f 1404/309/250 1405/312/250 1402/312/250 1403/309/250
f 1394/312/252 1395/309/252 1403/309/252 1402/312/252
f 1398/309/249 1400/312/249 1405/312/249 1404/309/249
f 1395/309/247 1398/309/247 1404/309/247 1403/309/247
f 1385/320/266 1386/321/266 1407/321/266 1406/320/266
f 1386/321/247 1390/323/247 1408/323/247 1407/321/247
o Cube.004
v 2.335834 0.140160 1.725606
v 2.335834 0.174154 1.725606
v 2.301840 0.140160 1.725606
v 2.301840 0.174154 1.725606
v 2.335834 0.140160 1.691611
v 2.335834 0.174154 1.691611
v 2.301840 0.140160 1.691611
v 2.301840 0.174154 1.691611
v 2.335834 0.336223 1.725606
v 2.301840 0.336223 1.725606
v 2.335834 0.336223 1.691611
v 2.301840 0.336223 1.691611
v 2.335834 0.140384 1.452613
v 2.335834 0.174378 1.452613
v 2.301840 0.140384 1.452613
v 2.301840 0.174378 1.452613
v 2.335834 0.140384 1.418619
v 2.335834 0.174378 1.418619
v 2.301840 0.140384 1.418619
v 2.301840 0.174378 1.418619
v 2.335834 0.336447 1.452613
v 2.301840 0.336447 1.452613
v 2.335834 0.336447 1.418619
v 2.301840 0.336447 1.418619
v 2.335834 0.629160 1.725606
v 2.301840 0.629160 1.725606
v 2.335834 0.629160 1.691611
v 2.301840 0.629160 1.691611
v 2.335834 0.629384 1.452613
v 2.301840 0.629384 1.452613
v 2.335834 0.629384 1.418619
v 2.301840 0.629384 1.418619
v 2.335834 0.762743 1.676749
v 2.301840 0.762743 1.676749
v 2.335834 0.743529 1.661999
v 2.301840 0.743529 1.661999
v 2.335834 0.744567 1.483179
v 2.301840 0.744567 1.483179
v 2.335834 0.762154 1.466522
v 2.301840 0.762154 1.466522
v 2.335834 0.798072 1.630728
v 2.301840 0.798072 1.630728
v 2.335834 0.778858 1.615978
v 2.301840 0.778858 1.615978
v 2.335834 0.777777 1.528148
v 2.301840 0.782775 1.528148
v 2.335834 0.799401 1.518533
v 2.301840 0.799401 1.518533
v 2.301840 0.140254 1.580274
v 2.335834 0.140254 1.580274
v 2.335834 0.174249 1.580274
v 2.301840 0.174249 1.580274
v 2.301840 0.140301 1.550867
v 2.335834 0.140301 1.550867
v 2.335834 0.174296 1.550867
v 2.301840 0.174296 1.550867
v 2.335834 0.781090 1.581248
v 2.335834 0.781137 1.551841
v 2.301840 0.781137 1.551841
v 2.335834 0.545837 1.691611
v 2.301840 0.545837 1.691611
v 2.301840 0.545837 1.725606
v 2.335834 0.545837 1.725606
v 2.301840 0.507786 1.691611
v 2.335834 0.507786 1.725606
v 2.335834 0.507786 1.691611
v 2.301840 0.507786 1.725606
v 2.335834 0.545837 1.450509
v 2.301840 0.545837 1.450509
v 2.301840 0.507786 1.450509
v 2.335834 0.507786 1.450509
v 2.335834 0.772373 1.581234
v 2.301840 0.772373 1.581234
v 2.301840 0.772420 1.551827
v 2.335834 0.140160 1.105493
v 2.335834 0.174154 1.105493
v 2.301840 0.140160 1.105493
v 2.301840 0.174154 1.105493
v 2.335834 0.140160 1.071498
v 2.335834 0.174154 1.071498
v 2.301840 0.140160 1.071498
v 2.301840 0.174154 1.071498
v 2.335834 0.336223 1.105493
v 2.301840 0.336223 1.105493
v 2.335834 0.336223 1.071498
v 2.301840 0.336223 1.071498
v 2.335834 0.140384 0.832500
v 2.335834 0.174378 0.832500
v 2.301840 0.140384 0.832500
v 2.301840 0.174378 0.832500
v 2.335834 0.140384 0.798506
v 2.335834 0.174378 0.798506
v 2.301840 0.140384 0.798506
v 2.301840 0.174378 0.798506
v 2.335834 0.336447 0.832500
v 2.301840 0.336447 0.832500
v 2.335834 0.336447 0.798506
v 2.301840 0.336447 0.798506
v 2.335834 0.629160 1.105493
v 2.301840 0.629160 1.105493
v 2.335834 0.629160 1.071498
v 2.301840 0.629160 1.071498
v 2.335834 0.629384 0.832500
v 2.301840 0.629384 0.832500
v 2.335834 0.629384 0.798506
v 2.301840 0.629384 0.798506
v 2.335834 0.762743 1.056636
v 2.301840 0.762743 1.056636
v 2.335834 0.743529 1.041885
v 2.301840 0.743529 1.041885
v 2.335834 0.744567 0.863066
v 2.301840 0.744567 0.863066
v 2.335834 0.762154 0.846410
v 2.301840 0.762154 0.846410
v 2.335834 0.798072 1.010615
v 2.301840 0.798072 1.010615
v 2.335834 0.778858 0.995865
v 2.301840 0.778858 0.995865
v 2.335834 0.777777 0.908035
v 2.301840 0.782775 0.908035
v 2.335834 0.799401 0.898420
v 2.301840 0.799401 0.898420
v 2.301840 0.140254 0.960161
v 2.335834 0.140254 0.960161
v 2.335834 0.174249 0.960161
v 2.301840 0.174249 0.960161
v 2.301840 0.140301 0.930754
v 2.335834 0.140301 0.930754
v 2.335834 0.174296 0.930754
v 2.301840 0.174296 0.930754
v 2.335834 0.781090 0.961135
v 2.335834 0.781137 0.931728
v 2.301840 0.781137 0.931728
v 2.335834 0.545837 1.071498
v 2.301840 0.545837 1.071498
v 2.301840 0.545837 1.105493
v 2.335834 0.545837 1.105493
v 2.301840 0.507786 1.071498
v 2.335834 0.507786 1.105493
v 2.335834 0.507786 1.071498
v 2.301840 0.507786 1.105493
v 2.335834 0.545837 0.830396
v 2.301840 0.545837 0.830396
v 2.301840 0.507786 0.830396
v 2.335834 0.507786 0.830396
v 2.335834 0.772373 0.961121
v 2.301840 0.772373 0.961121
v 2.301840 0.772420 0.931714
v 2.335834 0.140160 0.485380
v 2.335834 0.174154 0.485380
v 2.301840 0.140160 0.485380
v 2.301840 0.174154 0.485380
v 2.335834 0.140160 0.451385
v 2.335834 0.174154 0.451385
v 2.301840 0.140160 0.451385
v 2.301840 0.174154 0.451385
v 2.335834 0.336223 0.485380
v 2.301840 0.336223 0.485380
v 2.335834 0.336223 0.451385
v 2.301840 0.336223 0.451385
v 2.335834 0.140384 0.212387
v 2.335834 0.174378 0.212387
v 2.301840 0.140384 0.212387
v 2.301840 0.174378 0.212387
v 2.335834 0.140384 0.178393
v 2.335834 0.174378 0.178393
v 2.301840 0.140384 0.178393
v 2.301840 0.174378 0.178393
v 2.335834 0.336447 0.212387
v 2.301840 0.336447 0.212387
v 2.335834 0.336447 0.178393
v 2.301840 0.336447 0.178393
v 2.335834 0.629160 0.485380
v 2.301840 0.629160 0.485380
v 2.335834 0.629160 0.451385
v 2.301840 0.629160 0.451385
v 2.335834 0.629384 0.212387
v 2.301840 0.629384 0.212387
v 2.335834 0.629384 0.178393
v 2.301840 0.629384 0.178393
v 2.335834 0.762743 0.436523
v 2.301840 0.762743 0.436523
v 2.335834 0.743529 0.421773
v 2.301840 0.743529 0.421773
v 2.335834 0.744567 0.242954
v 2.301840 0.744567 0.242954
v 2.335834 0.762154 0.226297
v 2.301840 0.762154 0.226297
v 2.335834 0.798072 0.390503
v 2.301840 0.798072 0.390503
v 2.335834 0.778858 0.375752
v 2.301840 0.778858 0.375752
v 2.335834 0.777777 0.287922
v 2.301840 0.782775 0.287922
v 2.335834 0.799401 0.278307
v 2.301840 0.799401 0.278307
v 2.301840 0.140254 0.340048
v 2.335834 0.140254 0.340048
v 2.335834 0.174249 0.340048
v 2.301840 0.174249 0.340048
v 2.301840 0.140301 0.310642
v 2.335834 0.140301 0.310642
v 2.335834 0.174296 0.310642
v 2.301840 0.174296 0.310642
v 2.335834 0.781090 0.341022
v 2.335834 0.781137 0.311615
v 2.301840 0.781137 0.311615
v 2.335834 0.545837 0.451385
v 2.301840 0.545837 0.451385
v 2.301840 0.545837 0.485380
v 2.335834 0.545837 0.485380
v 2.301840 0.507786 0.451385
v 2.335834 0.507786 0.485380
v 2.335834 0.507786 0.451385
v 2.301840 0.507786 0.485380
v 2.335834 0.545837 0.210283
v 2.301840 0.545837 0.210283
v 2.301840 0.507786 0.210283
v 2.335834 0.507786 0.210283
v 2.335834 0.772373 0.341008
v 2.301840 0.772373 0.341008
v 2.301840 0.772420 0.311601
v 2.335834 0.140160 -0.134733
v 2.335834 0.174154 -0.134733
v 2.301840 0.140160 -0.134733
v 2.301840 0.174154 -0.134733
v 2.335834 0.140160 -0.168728
v 2.335834 0.174154 -0.168728
v 2.301840 0.140160 -0.168728
v 2.301840 0.174154 -0.168728
v 2.335834 0.336223 -0.134733
v 2.301840 0.336223 -0.134733
v 2.335834 0.336223 -0.168728
v 2.301840 0.336223 -0.168728
v 2.335834 0.140384 -0.407725
v 2.335834 0.174378 -0.407725
v 2.301840 0.140384 -0.407725
v 2.301840 0.174378 -0.407725
v 2.335834 0.140384 -0.441720
v 2.335834 0.174378 -0.441720
v 2.301840 0.140384 -0.441720
v 2.301840 0.174378 -0.441720
v 2.335834 0.336447 -0.407725
v 2.301840 0.336447 -0.407725
v 2.335834 0.336447 -0.441720
v 2.301840 0.336447 -0.441720
v 2.335834 0.629160 -0.134733
v 2.301840 0.629160 -0.134733
v 2.335834 0.629160 -0.168728
v 2.301840 0.629160 -0.168728
v 2.335834 0.629384 -0.407725
v 2.301840 0.629384 -0.407725
v 2.335834 0.629384 -0.441720
v 2.301840 0.629384 -0.441720
v 2.335834 0.762743 -0.183590
v 2.301840 0.762743 -0.183590
v 2.335834 0.743529 -0.198340
v 2.301840 0.743529 -0.198340
v 2.335834 0.744567 -0.377159
v 2.301840 0.744567 -0.377159
v 2.335834 0.762154 -0.393816
v 2.301840 0.762154 -0.393816
v 2.335834 0.798072 -0.229610
v 2.301840 0.798072 -0.229610
v 2.335834 0.778858 -0.244361
v 2.301840 0.778858 -0.244361
v 2.335834 0.777777 -0.332191
v 2.301840 0.782775 -0.332191
v 2.335834 0.799401 -0.341805
v 2.301840 0.799401 -0.341805
v 2.301840 0.140254 -0.280064
v 2.335834 0.140254 -0.280064
v 2.335834 0.174249 -0.280064
v 2.301840 0.174249 -0.280064
v 2.301840 0.140301 -0.309471
v 2.335834 0.140301 -0.309471
v 2.335834 0.174296 -0.309471
v 2.301840 0.174296 -0.309471
v 2.335834 0.781090 -0.279091
v 2.335834 0.781137 -0.308498
v 2.301840 0.781137 -0.308498
v 2.335834 0.545837 -0.168728
v 2.301840 0.545837 -0.168728
v 2.301840 0.545837 -0.134733
v 2.335834 0.545837 -0.134733
v 2.301840 0.507786 -0.168728
v 2.335834 0.507786 -0.134733
v 2.335834 0.507786 -0.168728
v 2.301840 0.507786 -0.134733
v 2.335834 0.545837 -0.409830
v 2.301840 0.545837 -0.409830
v 2.301840 0.507786 -0.409830
v 2.335834 0.507786 -0.409830
v 2.335834 0.772373 -0.279105
v 2.301840 0.772373 -0.279105
v 2.301840 0.772420 -0.308512
v 2.335834 0.140160 -0.754846
v 2.335834 0.174154 -0.754846
v 2.301840 0.140160 -0.754846
v 2.301840 0.174154 -0.754846
v 2.335834 0.140160 -0.788841
v 2.335834 0.174154 -0.788841
v 2.301840 0.140160 -0.788841
v 2.301840 0.174154 -0.788841
v 2.335834 0.336223 -0.754846
v 2.301840 0.336223 -0.754846
v 2.335834 0.336223 -0.788841
v 2.301840 0.336223 -0.788841
v 2.335834 0.140384 -1.027838
v 2.335834 0.174378 -1.027838
v 2.301840 0.140384 -1.027838
v 2.301840 0.174378 -1.027838
v 2.335834 0.140384 -1.061833
v 2.335834 0.174378 -1.061833
v 2.301840 0.140384 -1.061833
v 2.301840 0.174378 -1.061833
v 2.335834 0.336447 -1.027838
v 2.301840 0.336447 -1.027838
v 2.335834 0.336447 -1.061833
v 2.301840 0.336447 -1.061833
v 2.335834 0.629160 -0.754846
v 2.301840 0.629160 -0.754846
v 2.335834 0.629160 -0.788841
v 2.301840 0.629160 -0.788841
v 2.335834 0.629384 -1.027838
v 2.301840 0.629384 -1.027838
v 2.335834 0.629384 -1.061833
v 2.301840 0.629384 -1.061833
v 2.335834 0.762743 -0.803703
v 2.301840 0.762743 -0.803703
v 2.335834 0.743529 -0.818453
v 2.301840 0.743529 -0.818453
v 2.335834 0.744567 -0.997272
v 2.301840 0.744567 -0.997272
v 2.335834 0.762154 -1.013929
v 2.301840 0.762154 -1.013929
v 2.335834 0.798072 -0.849723
v 2.301840 0.798072 -0.849723
v 2.335834 0.778858 -0.864474
v 2.301840 0.778858 -0.864474
v 2.335834 0.777777 -0.952304
v 2.301840 0.782775 -0.952304
v 2.335834 0.799401 -0.961919
v 2.301840 0.799401 -0.961919
v 2.301840 0.140254 -0.900177
v 2.335834 0.140254 -0.900177
v 2.335834 0.174249 -0.900177
v 2.301840 0.174249 -0.900177
v 2.301840 0.140301 -0.929585
v 2.335834 0.140301 -0.929585
v 2.335834 0.174296 -0.929585
v 2.301840 0.174296 -0.929585
v 2.335834 0.781090 -0.899204
v 2.335834 0.781137 -0.928611
v 2.301840 0.781137 -0.928611
v 2.335834 0.545837 -0.788841
v 2.301840 0.545837 -0.788841
v 2.301840 0.545837 -0.754846
v 2.335834 0.545837 -0.754846
v 2.301840 0.507786 -0.788841
v 2.335834 0.507786 -0.754846
v 2.335834 0.507786 -0.788841
v 2.301840 0.507786 -0.754846
v 2.335834 0.545837 -1.029943
v 2.301840 0.545837 -1.029943
v 2.301840 0.507786 -1.029943
v 2.335834 0.507786 -1.029943
v 2.335834 0.772373 -0.899218
v 2.301840 0.772373 -0.899218
v 2.301840 0.772420 -0.928625
v 2.335834 0.140160 -1.374959
v 2.335834 0.174154 -1.374959
v 2.301840 0.140160 -1.374959
v 2.301840 0.174154 -1.374959
v 2.335834 0.140160 -1.408953
v 2.335834 0.174154 -1.408953
v 2.301840 0.140160 -1.408953
v 2.301840 0.174154 -1.408953
v 2.335834 0.336223 -1.374959
v 2.301840 0.336223 -1.374959
v 2.335834 0.336223 -1.408953
v 2.301840 0.336223 -1.408953
v 2.335834 0.140384 -1.647951
v 2.335834 0.174378 -1.647951
v 2.301840 0.140384 -1.647951
v 2.301840 0.174378 -1.647951
v 2.335834 0.140384 -1.681946
v 2.335834 0.174378 -1.681946
v 2.301840 0.140384 -1.681946
v 2.301840 0.174378 -1.681946
v 2.335834 0.336447 -1.647951
v 2.301840 0.336447 -1.647951
v 2.335834 0.336447 -1.681946
v 2.301840 0.336447 -1.681946
v 2.335834 0.629160 -1.374959
v 2.301840 0.629160 -1.374959
v 2.335834 0.629160 -1.408953
v 2.301840 0.629160 -1.408953
v 2.335834 0.629384 -1.647951
v 2.301840 0.629384 -1.647951
v 2.335834 0.629384 -1.681946
v 2.301840 0.629384 -1.681946
v 2.335834 0.762743 -1.423816
v 2.301840 0.762743 -1.423816
v 2.335834 0.743529 -1.438566
v 2.301840 0.743529 -1.438566
v 2.335834 0.744567 -1.617385
v 2.301840 0.744567 -1.617385
v 2.335834 0.762154 -1.634042
v 2.301840 0.762154 -1.634042
v 2.335834 0.798072 -1.469836
v 2.301840 0.798072 -1.469836
v 2.335834 0.778858 -1.484586
v 2.301840 0.778858 -1.484586
v 2.335834 0.777777 -1.572417
v 2.301840 0.782775 -1.572417
v 2.335834 0.799401 -1.582031
v 2.301840 0.799401 -1.582031
v 2.301840 0.140254 -1.520290
v 2.335834 0.140254 -1.520290
v 2.335834 0.174249 -1.520290
v 2.301840 0.174249 -1.520290
v 2.301840 0.140301 -1.549697
v 2.335834 0.140301 -1.549697
v 2.335834 0.174296 -1.549697
v 2.301840 0.174296 -1.549697
v 2.335834 0.781090 -1.519317
v 2.335834 0.781137 -1.548724
v 2.301840 0.781137 -1.548724
v 2.335834 0.545837 -1.408953
v 2.301840 0.545837 -1.408953
v 2.301840 0.545837 -1.374959
v 2.335834 0.545837 -1.374959
v 2.301840 0.507786 -1.408953
v 2.335834 0.507786 -1.374959
v 2.335834 0.507786 -1.408953
v 2.301840 0.507786 -1.374959
v 2.335834 0.545837 -1.650056
v 2.301840 0.545837 -1.650056
v 2.301840 0.507786 -1.650056
v 2.335834 0.507786 -1.650056
v 2.335834 0.772373 -1.519331
v 2.301840 0.772373 -1.519331
v 2.301840 0.772420 -1.548738
vn -0.0000 -0.0000 -1.0000
vn 1.0000 -0.0000 -0.0000
vn -1.0000 -0.0000 -0.0000
vn -0.0000 1.0000 -0.0000
vn -0.0000 -0.0000 1.0000
vn -0.0000 -1.0000 -0.0008
vn -0.0000 -1.0000 -0.0000
vn -0.0000 1.0000 0.0008
vn -0.0000 0.7932 0.6089
vn -0.0000 0.3394 -0.9406
vn -0.0000 -0.2565 0.9665
vn -0.0000 0.2507 0.9681
vn -0.0000 -0.3435 -0.9392
vn -0.0733 -0.9972 -0.0161
vn -0.0000 -0.7932 -0.6089
vn -0.0000 0.8130 -0.5822
vn -0.0575 -0.7818 0.6208
vn -0.0000 0.9999 0.0118
vn -0.0000 1.0000 0.0016
vn -0.0000 -1.0000 -0.0016
vn -0.0000 0.0016 -1.0000
vt 0.375000 0.000000
vt 0.375000 0.250000
vt 0.625000 0.250000
vt 0.625000 0.000000
vt 0.375000 0.500000
vt 0.625000 0.500000
vt 0.375000 0.855516
vt 0.625000 0.855516
vt 0.625000 0.750000
vt 0.375000 0.750000
vt 0.375000 1.000000
vt 0.625000 1.000000
vt 0.125000 0.500000
vt 0.125000 0.750000
vt 0.269484 0.500000
vt 0.269484 0.750000
vt 0.625000 0.433453
vt 0.625000 0.394484
vt 0.375000 0.394484
vt 0.625000 0.341831
vt 0.375000 0.341831
vt 0.625000 0.275492
vt 0.216831 0.500000
vt 0.216831 0.750000
vt 0.375000 0.908170
vt 0.625000 0.908169
s 0
f 1409/330/267 1411/331/267 1412/332/267 1410/333/267
f 1411/331/268 1415/334/268 1416/335/268 1412/332/268
f 1458/336/268 1459/337/268 1414/338/268 1413/339/268
f 1413/339/269 1409/340/269 1410/341/269 1414/338/269
f 1411/342/270 1409/343/270 1413/339/270 1415/334/270
f 1416/335/268 1420/335/268 1418/332/268 1412/332/268
f 1431/338/267 1432/335/267 1440/335/267 1439/338/267
f 1414/338/271 1419/338/271 1420/335/271 1416/335/271
f 1412/332/267 1418/332/267 1417/333/267 1410/333/267
f 1410/341/269 1417/341/269 1419/338/269 1414/338/269
f 1457/344/272 1458/345/272 1413/339/272 1415/334/272
f 1423/331/269 1424/332/269 1428/335/269 1427/334/269
f 1427/334/267 1428/335/267 1426/338/267 1425/339/267
f 1425/339/268 1426/338/268 1422/341/268 1421/340/268
f 1423/342/273 1427/334/273 1425/339/273 1421/343/273
f 1428/335/269 1424/332/269 1430/332/269 1432/335/269
f 1469/335/271 1468/338/271 1435/338/271 1436/335/271
f 1426/338/267 1428/335/267 1432/335/267 1431/338/267
f 1424/332/271 1422/333/271 1429/333/271 1430/332/271
f 1422/341/268 1426/338/268 1431/338/268 1429/341/268
f 1459/346/274 1460/347/274 1416/335/274 1414/338/274
f 1460/347/269 1457/348/269 1415/334/269 1416/335/269
f 1440/335/269 1438/332/269 1446/332/269 1448/335/269
f 1437/341/268 1439/338/268 1447/338/268 1445/341/268
f 1471/333/267 1470/332/267 1434/332/267 1433/333/267
f 1430/332/271 1429/333/271 1437/333/271 1438/332/271
f 1468/338/269 1471/341/269 1433/341/269 1435/338/269
f 1429/341/268 1431/338/268 1439/338/268 1437/341/268
f 1470/332/268 1469/335/268 1436/335/268 1434/332/268
f 1432/335/269 1430/332/269 1438/332/269 1440/335/269
f 1444/335/275 1443/338/275 1451/338/275 1452/335/275
f 1445/341/268 1447/338/268 1455/338/268 1453/341/268
f 1435/338/269 1433/341/269 1441/341/269 1443/338/269
f 1434/332/268 1436/335/268 1444/335/268 1442/332/268
f 1439/338/276 1440/335/276 1448/335/276 1447/338/276
f 1438/332/277 1437/333/277 1445/333/277 1446/332/277
f 1436/335/278 1435/338/278 1443/338/278 1444/335/278
f 1433/333/279 1434/332/279 1442/332/279 1441/333/279
f 1454/332/280 1453/333/280 1451/338/280 1452/335/280
f 1441/333/281 1442/332/281 1450/332/281 1449/333/281
f 1443/338/269 1441/341/269 1449/341/269 1451/338/269
f 1442/332/268 1444/335/268 1452/335/268 1450/332/268
f 1456/335/269 1454/332/269 1452/335/269 1450/332/269
f 1448/335/269 1446/332/269 1454/332/269 1456/335/269
f 1447/338/282 1448/335/282 1456/335/282 1455/338/282
f 1446/332/283 1445/333/283 1453/333/283 1454/332/283
f 1453/341/268 1455/338/268 1449/341/268 1451/338/268
f 1455/338/284 1456/335/284 1450/332/284 1449/333/284
f 1464/349/269 1461/350/269 1457/348/269 1460/347/269
f 1463/351/285 1464/349/285 1460/347/285 1459/346/285
f 1461/352/286 1462/353/286 1458/345/286 1457/344/286
f 1462/354/268 1463/355/268 1459/337/268 1458/336/268
f 1421/340/268 1422/341/268 1463/355/268 1462/354/268
f 1423/342/272 1421/343/272 1462/353/272 1461/352/272
f 1422/333/274 1424/332/274 1464/349/274 1463/351/274
f 1424/332/269 1423/331/269 1461/350/269 1464/349/269
f 1463/351/287 1464/349/287 1467/349/287 1466/351/287
f 1459/346/268 1463/351/268 1466/351/268 1465/346/268
f 1475/332/268 1472/335/268 1469/335/268 1470/332/268
f 1474/338/269 1473/341/269 1471/341/269 1468/338/269
f 1473/333/267 1475/332/267 1470/332/267 1471/333/267
f 1474/338/269 1468/338/269 1476/338/269 1479/338/269
f 1420/335/271 1419/338/271 1474/338/271 1472/335/271
f 1417/333/267 1418/332/267 1475/332/267 1473/333/267
f 1419/338/269 1417/341/269 1473/341/269 1474/338/269
f 1418/332/268 1420/335/268 1472/335/268 1475/332/268
f 1478/335/271 1479/338/271 1476/338/271 1477/335/271
f 1468/338/273 1469/335/273 1477/335/273 1476/338/273
f 1472/335/270 1474/338/270 1479/338/270 1478/335/270
f 1469/335/268 1472/335/268 1478/335/268 1477/335/268
f 1459/346/287 1460/347/287 1481/347/287 1480/346/287
f 1460/347/268 1464/349/268 1482/349/268 1481/347/268
f 1483/330/267 1485/331/267 1486/332/267 1484/333/267
f 1485/331/268 1489/334/268 1490/335/268 1486/332/268
f 1532/336/268 1533/337/268 1488/338/268 1487/339/268
f 1487/339/269 1483/340/269 1484/341/269 1488/338/269
f 1485/342/270 1483/343/270 1487/339/270 1489/334/270
f 1490/335/268 1494/335/268 1492/332/268 1486/332/268
f 1505/338/267 1506/335/267 1514/335/267 1513/338/267
f 1488/338/271 1493/338/271 1494/335/271 1490/335/271
f 1486/332/267 1492/332/267 1491/333/267 1484/333/267
f 1484/341/269 1491/341/269 1493/338/269 1488/338/269
f 1531/344/272 1532/345/272 1487/339/272 1489/334/272
f 1497/331/269 1498/332/269 1502/335/269 1501/334/269
f 1501/334/267 1502/335/267 1500/338/267 1499/339/267
f 1499/339/268 1500/338/268 1496/341/268 1495/340/268
f 1497/342/273 1501/334/273 1499/339/273 1495/343/273
f 1502/335/269 1498/332/269 1504/332/269 1506/335/269
f 1543/335/271 1542/338/271 1509/338/271 1510/335/271
f 1500/338/267 1502/335/267 1506/335/267 1505/338/267
f 1498/332/271 1496/333/271 1503/333/271 1504/332/271
f 1496/341/268 1500/338/268 1505/338/268 1503/341/268
f 1533/346/274 1534/347/274 1490/335/274 1488/338/274
f 1534/347/269 1531/348/269 1489/334/269 1490/335/269
f 1514/335/269 1512/332/269 1520/332/269 1522/335/269
f 1511/341/268 1513/338/268 1521/338/268 1519/341/268
f 1545/333/267 1544/332/267 1508/332/267 1507/333/267
f 1504/332/271 1503/333/271 1511/333/271 1512/332/271
f 1542/338/269 1545/341/269 1507/341/269 1509/338/269
f 1503/341/268 1505/338/268 1513/338/268 1511/341/268
f 1544/332/268 1543/335/268 1510/335/268 1508/332/268
f 1506/335/269 1504/332/269 1512/332/269 1514/335/269
f 1518/335/275 1517/338/275 1525/338/275 1526/335/275
f 1519/341/268 1521/338/268 1529/338/268 1527/341/268
f 1509/338/269 1507/341/269 1515/341/269 1517/338/269
f 1508/332/268 1510/335/268 1518/335/268 1516/332/268
f 1513/338/276 1514/335/276 1522/335/276 1521/338/276
f 1512/332/277 1511/333/277 1519/333/277 1520/332/277
f 1510/335/278 1509/338/278 1517/338/278 1518/335/278
f 1507/333/279 1508/332/279 1516/332/279 1515/333/279
f 1528/332/280 1527/333/280 1525/338/280 1526/335/280
f 1515/333/281 1516/332/281 1524/332/281 1523/333/281
f 1517/338/269 1515/341/269 1523/341/269 1525/338/269
f 1516/332/268 1518/335/268 1526/335/268 1524/332/268
f 1530/335/269 1528/332/269 1526/335/269 1524/332/269
f 1522/335/269 1520/332/269 1528/332/269 1530/335/269
f 1521/338/282 1522/335/282 1530/335/282 1529/338/282
f 1520/332/283 1519/333/283 1527/333/283 1528/332/283
f 1527/341/268 1529/338/268 1523/341/268 1525/338/268
f 1529/338/284 1530/335/284 1524/332/284 1523/333/284
f 1538/349/269 1535/350/269 1531/348/269 1534/347/269
f 1537/351/285 1538/349/285 1534/347/285 1533/346/285
f 1535/352/286 1536/353/286 1532/345/286 1531/344/286
f 1536/354/268 1537/355/268 1533/337/268 1532/336/268
f 1495/340/268 1496/341/268 1537/355/268 1536/354/268
f 1497/342/272 1495/343/272 1536/353/272 1535/352/272
f 1496/333/274 1498/332/274 1538/349/274 1537/351/274
f 1498/332/269 1497/331/269 1535/350/269 1538/349/269
f 1537/351/287 1538/349/287 1541/349/287 1540/351/287
f 1533/346/268 1537/351/268 1540/351/268 1539/346/268
f 1549/332/268 1546/335/268 1543/335/268 1544/332/268
f 1548/338/269 1547/341/269 1545/341/269 1542/338/269
f 1547/333/267 1549/332/267 1544/332/267 1545/333/267
f 1548/338/269 1542/338/269 1550/338/269 1553/338/269
f 1494/335/271 1493/338/271 1548/338/271 1546/335/271
f 1491/333/267 1492/332/267 1549/332/267 1547/333/267
f 1493/338/269 1491/341/269 1547/341/269 1548/338/269
f 1492/332/268 1494/335/268 1546/335/268 1549/332/268
f 1552/335/271 1553/338/271 1550/338/271 1551/335/271
f 1542/338/273 1543/335/273 1551/335/273 1550/338/273
f 1546/335/270 1548/338/270 1553/338/270 1552/335/270
f 1543/335/268 1546/335/268 1552/335/268 1551/335/268
f 1533/346/287 1534/347/287 1555/347/287 1554/346/287
f 1534/347/268 1538/349/268 1556/349/268 1555/347/268
f 1557/330/267 1559/331/267 1560/332/267 1558/333/267
f 1559/331/268 1563/334/268 1564/335/268 1560/332/268
f 1606/336/268 1607/337/268 1562/338/268 1561/339/268
f 1561/339/269 1557/340/269 1558/341/269 1562/338/269
f 1559/342/270 1557/343/270 1561/339/270 1563/334/270
f 1564/335/268 1568/335/268 1566/332/268 1560/332/268
f 1579/338/267 1580/335/267 1588/335/267 1587/338/267
f 1562/338/271 1567/338/271 1568/335/271 1564/335/271
f 1560/332/267 1566/332/267 1565/333/267 1558/333/267
f 1558/341/269 1565/341/269 1567/338/269 1562/338/269
f 1605/344/272 1606/345/272 1561/339/272 1563/334/272
f 1571/331/269 1572/332/269 1576/335/269 1575/334/269
f 1575/334/267 1576/335/267 1574/338/267 1573/339/267
f 1573/339/268 1574/338/268 1570/341/268 1569/340/268
f 1571/342/273 1575/334/273 1573/339/273 1569/343/273
f 1576/335/269 1572/332/269 1578/332/269 1580/335/269
f 1617/335/271 1616/338/271 1583/338/271 1584/335/271
f 1574/338/267 1576/335/267 1580/335/267 1579/338/267
f 1572/332/271 1570/333/271 1577/333/271 1578/332/271
f 1570/341/268 1574/338/268 1579/338/268 1577/341/268
f 1607/346/274 1608/347/274 1564/335/274 1562/338/274
f 1608/347/269 1605/348/269 1563/334/269 1564/335/269
f 1588/335/269 1586/332/269 1594/332/269 1596/335/269
f 1585/341/268 1587/338/268 1595/338/268 1593/341/268
f 1619/333/267 1618/332/267 1582/332/267 1581/333/267
f 1578/332/271 1577/333/271 1585/333/271 1586/332/271
f 1616/338/269 1619/341/269 1581/341/269 1583/338/269
f 1577/341/268 1579/338/268 1587/338/268 1585/341/268
f 1618/332/268 1617/335/268 1584/335/268 1582/332/268
f 1580/335/269 1578/332/269 1586/332/269 1588/335/269
f 1592/335/275 1591/338/275 1599/338/275 1600/335/275
f 1593/341/268 1595/338/268 1603/338/268 1601/341/268
f 1583/338/269 1581/341/269 1589/341/269 1591/338/269
f 1582/332/268 1584/335/268 1592/335/268 1590/332/268
f 1587/338/276 1588/335/276 1596/335/276 1595/338/276
f 1586/332/277 1585/333/277 1593/333/277 1594/332/277
f 1584/335/278 1583/338/278 1591/338/278 1592/335/278
f 1581/333/279 1582/332/279 1590/332/279 1589/333/279
f 1602/332/280 1601/333/280 1599/338/280 1600/335/280
f 1589/333/281 1590/332/281 1598/332/281 1597/333/281
f 1591/338/269 1589/341/269 1597/341/269 1599/338/269
f 1590/332/268 1592/335/268 1600/335/268 1598/332/268
f 1604/335/269 1602/332/269 1600/335/269 1598/332/269
f 1596/335/269 1594/332/269 1602/332/269 1604/335/269
f 1595/338/282 1596/335/282 1604/335/282 1603/338/282
f 1594/332/283 1593/333/283 1601/333/283 1602/332/283
f 1601/341/268 1603/338/268 1597/341/268 1599/338/268
f 1603/338/284 1604/335/284 1598/332/284 1597/333/284
f 1612/349/269 1609/350/269 1605/348/269 1608/347/269
f 1611/351/285 1612/349/285 1608/347/285 1607/346/285
f 1609/352/286 1610/353/286 1606/345/286 1605/344/286
f 1610/354/268 1611/355/268 1607/337/268 1606/336/268
f 1569/340/268 1570/341/268 1611/355/268 1610/354/268
f 1571/342/272 1569/343/272 1610/353/272 1609/352/272
f 1570/333/274 1572/332/274 1612/349/274 1611/351/274
f 1572/332/269 1571/331/269 1609/350/269 1612/349/269
f 1611/351/287 1612/349/287 1615/349/287 1614/351/287
f 1607/346/268 1611/351/268 1614/351/268 1613/346/268
f 1623/332/268 1620/335/268 1617/335/268 1618/332/268
f 1622/338/269 1621/341/269 1619/341/269 1616/338/269
f 1621/333/267 1623/332/267 1618/332/267 1619/333/267
f 1622/338/269 1616/338/269 1624/338/269 1627/338/269
f 1568/335/271 1567/338/271 1622/338/271 1620/335/271
f 1565/333/267 1566/332/267 1623/332/267 1621/333/267
f 1567/338/269 1565/341/269 1621/341/269 1622/338/269
f 1566/332/268 1568/335/268 1620/335/268 1623/332/268
f 1626/335/271 1627/338/271 1624/338/271 1625/335/271
f 1616/338/273 1617/335/273 1625/335/273 1624/338/273
f 1620/335/270 1622/338/270 1627/338/270 1626/335/270
f 1617/335/268 1620/335/268 1626/335/268 1625/335/268
f 1607/346/287 1608/347/287 1629/347/287 1628/346/287
f 1608/347/268 1612/349/268 1630/349/268 1629/347/268
f 1631/330/267 1633/331/267 1634/332/267 1632/333/267
f 1633/331/268 1637/334/268 1638/335/268 1634/332/268
f 1680/336/268 1681/337/268 1636/338/268 1635/339/268
f 1635/339/269 1631/340/269 1632/341/269 1636/338/269
f 1633/342/270 1631/343/270 1635/339/270 1637/334/270
f 1638/335/268 1642/335/268 1640/332/268 1634/332/268
f 1653/338/267 1654/335/267 1662/335/267 1661/338/267
f 1636/338/271 1641/338/271 1642/335/271 1638/335/271
f 1634/332/267 1640/332/267 1639/333/267 1632/333/267
f 1632/341/269 1639/341/269 1641/338/269 1636/338/269
f 1679/344/272 1680/345/272 1635/339/272 1637/334/272
f 1645/331/269 1646/332/269 1650/335/269 1649/334/269
f 1649/334/267 1650/335/267 1648/338/267 1647/339/267
f 1647/339/268 1648/338/268 1644/341/268 1643/340/268
f 1645/342/273 1649/334/273 1647/339/273 1643/343/273
f 1650/335/269 1646/332/269 1652/332/269 1654/335/269
f 1691/335/271 1690/338/271 1657/338/271 1658/335/271
f 1648/338/267 1650/335/267 1654/335/267 1653/338/267
f 1646/332/271 1644/333/271 1651/333/271 1652/332/271
f 1644/341/268 1648/338/268 1653/338/268 1651/341/268
f 1681/346/274 1682/347/274 1638/335/274 1636/338/274
f 1682/347/269 1679/348/269 1637/334/269 1638/335/269
f 1662/335/269 1660/332/269 1668/332/269 1670/335/269
f 1659/341/268 1661/338/268 1669/338/268 1667/341/268
f 1693/333/267 1692/332/267 1656/332/267 1655/333/267
f 1652/332/271 1651/333/271 1659/333/271 1660/332/271
f 1690/338/269 1693/341/269 1655/341/269 1657/338/269
f 1651/341/268 1653/338/268 1661/338/268 1659/341/268
f 1692/332/268 1691/335/268 1658/335/268 1656/332/268
f 1654/335/269 1652/332/269 1660/332/269 1662/335/269
f 1666/335/275 1665/338/275 1673/338/275 1674/335/275
f 1667/341/268 1669/338/268 1677/338/268 1675/341/268
f 1657/338/269 1655/341/269 1663/341/269 1665/338/269
f 1656/332/268 1658/335/268 1666/335/268 1664/332/268
f 1661/338/276 1662/335/276 1670/335/276 1669/338/276
f 1660/332/277 1659/333/277 1667/333/277 1668/332/277
f 1658/335/278 1657/338/278 1665/338/278 1666/335/278
f 1655/333/279 1656/332/279 1664/332/279 1663/333/279
f 1676/332/280 1675/333/280 1673/338/280 1674/335/280
f 1663/333/281 1664/332/281 1672/332/281 1671/333/281
f 1665/338/269 1663/341/269 1671/341/269 1673/338/269
f 1664/332/268 1666/335/268 1674/335/268 1672/332/268
f 1678/335/269 1676/332/269 1674/335/269 1672/332/269
f 1670/335/269 1668/332/269 1676/332/269 1678/335/269
f 1669/338/282 1670/335/282 1678/335/282 1677/338/282
f 1668/332/283 1667/333/283 1675/333/283 1676/332/283
f 1675/341/268 1677/338/268 1671/341/268 1673/338/268
f 1677/338/284 1678/335/284 1672/332/284 1671/333/284
f 1686/349/269 1683/350/269 1679/348/269 1682/347/269
f 1685/351/285 1686/349/285 1682/347/285 1681/346/285
f 1683/352/286 1684/353/286 1680/345/286 1679/344/286
f 1684/354/268 1685/355/268 1681/337/268 1680/336/268
f 1643/340/268 1644/341/268 1685/355/268 1684/354/268
f 1645/342/272 1643/343/272 1684/353/272 1683/352/272
f 1644/333/274 1646/332/274 1686/349/274 1685/351/274
f 1646/332/269 1645/331/269 1683/350/269 1686/349/269
f 1685/351/287 1686/349/287 1689/349/287 1688/351/287
f 1681/346/268 1685/351/268 1688/351/268 1687/346/268
f 1697/332/268 1694/335/268 1691/335/268 1692/332/268
f 1696/338/269 1695/341/269 1693/341/269 1690/338/269
f 1695/333/267 1697/332/267 1692/332/267 1693/333/267
f 1696/338/269 1690/338/269 1698/338/269 1701/338/269
f 1642/335/271 1641/338/271 1696/338/271 1694/335/271
f 1639/333/267 1640/332/267 1697/332/267 1695/333/267
f 1641/338/269 1639/341/269 1695/341/269 1696/338/269
f 1640/332/268 1642/335/268 1694/335/268 1697/332/268
f 1700/335/271 1701/338/271 1698/338/271 1699/335/271
f 1690/338/273 1691/335/273 1699/335/273 1698/338/273
f 1694/335/270 1696/338/270 1701/338/270 1700/335/270
f 1691/335/268 1694/335/268 1700/335/268 1699/335/268
f 1681/346/287 1682/347/287 1703/347/287 1702/346/287
f 1682/347/268 1686/349/268 1704/349/268 1703/347/268
f 1705/330/267 1707/331/267 1708/332/267 1706/333/267
f 1707/331/268 1711/334/268 1712/335/268 1708/332/268
f 1754/336/268 1755/337/268 1710/338/268 1709/339/268
f 1709/339/269 1705/340/269 1706/341/269 1710/338/269
f 1707/342/270 1705/343/270 1709/339/270 1711/334/270
f 1712/335/268 1716/335/268 1714/332/268 1708/332/268
f 1727/338/267 1728/335/267 1736/335/267 1735/338/267
f 1710/338/271 1715/338/271 1716/335/271 1712/335/271
f 1708/332/267 1714/332/267 1713/333/267 1706/333/267
f 1706/341/269 1713/341/269 1715/338/269 1710/338/269
f 1753/344/272 1754/345/272 1709/339/272 1711/334/272
f 1719/331/269 1720/332/269 1724/335/269 1723/334/269
f 1723/334/267 1724/335/267 1722/338/267 1721/339/267
f 1721/339/268 1722/338/268 1718/341/268 1717/340/268
f 1719/342/273 1723/334/273 1721/339/273 1717/343/273
f 1724/335/269 1720/332/269 1726/332/269 1728/335/269
f 1765/335/271 1764/338/271 1731/338/271 1732/335/271
f 1722/338/267 1724/335/267 1728/335/267 1727/338/267
f 1720/332/271 1718/333/271 1725/333/271 1726/332/271
f 1718/341/268 1722/338/268 1727/338/268 1725/341/268
f 1755/346/274 1756/347/274 1712/335/274 1710/338/274
f 1756/347/269 1753/348/269 1711/334/269 1712/335/269
f 1736/335/269 1734/332/269 1742/332/269 1744/335/269
f 1733/341/268 1735/338/268 1743/338/268 1741/341/268
f 1767/333/267 1766/332/267 1730/332/267 1729/333/267
f 1726/332/271 1725/333/271 1733/333/271 1734/332/271
f 1764/338/269 1767/341/269 1729/341/269 1731/338/269
f 1725/341/268 1727/338/268 1735/338/268 1733/341/268
f 1766/332/268 1765/335/268 1732/335/268 1730/332/268
f 1728/335/269 1726/332/269 1734/332/269 1736/335/269
f 1740/335/275 1739/338/275 1747/338/275 1748/335/275
f 1741/341/268 1743/338/268 1751/338/268 1749/341/268
f 1731/338/269 1729/341/269 1737/341/269 1739/338/269
f 1730/332/268 1732/335/268 1740/335/268 1738/332/268
f 1735/338/276 1736/335/276 1744/335/276 1743/338/276
f 1734/332/277 1733/333/277 1741/333/277 1742/332/277
f 1732/335/278 1731/338/278 1739/338/278 1740/335/278
f 1729/333/279 1730/332/279 1738/332/279 1737/333/279
f 1750/332/280 1749/333/280 1747/338/280 1748/335/280
f 1737/333/281 1738/332/281 1746/332/281 1745/333/281
f 1739/338/269 1737/341/269 1745/341/269 1747/338/269
f 1738/332/268 1740/335/268 1748/335/268 1746/332/268
f 1752/335/269 1750/332/269 1748/335/269 1746/332/269
f 1744/335/269 1742/332/269 1750/332/269 1752/335/269
f 1743/338/282 1744/335/282 1752/335/282 1751/338/282
f 1742/332/283 1741/333/283 1749/333/283 1750/332/283
f 1749/341/268 1751/338/268 1745/341/268 1747/338/268
f 1751/338/284 1752/335/284 1746/332/284 1745/333/284
f 1760/349/269 1757/350/269 1753/348/269 1756/347/269
f 1759/351/285 1760/349/285 1756/347/285 1755/346/285
f 1757/352/286 1758/353/286 1754/345/286 1753/344/286
f 1758/354/268 1759/355/268 1755/337/268 1754/336/268
f 1717/340/268 1718/341/268 1759/355/268 1758/354/268
f 1719/342/272 1717/343/272 1758/353/272 1757/352/272
f 1718/333/274 1720/332/274 1760/349/274 1759/351/274
f 1720/332/269 1719/331/269 1757/350/269 1760/349/269
f 1759/351/287 1760/349/287 1763/349/287 1762/351/287
f 1755/346/268 1759/351/268 1762/351/268 1761/346/268
f 1771/332/268 1768/335/268 1765/335/268 1766/332/268
f 1770/338/269 1769/341/269 1767/341/269 1764/338/269
f 1769/333/267 1771/332/267 1766/332/267 1767/333/267
f 1770/338/269 1764/338/269 1772/338/269 1775/338/269
f 1716/335/271 1715/338/271 1770/338/271 1768/335/271
f 1713/333/267 1714/332/267 1771/332/267 1769/333/267
f 1715/338/269 1713/341/269 1769/341/269 1770/338/269
f 1714/332/268 1716/335/268 1768/335/268 1771/332/268
f 1774/335/271 1775/338/271 1772/338/271 1773/335/271
f 1764/338/273 1765/335/273 1773/335/273 1772/338/273
f 1768/335/270 1770/338/270 1775/338/270 1774/335/270
f 1765/335/268 1768/335/268 1774/335/268 1773/335/268
f 1755/346/287 1756/347/287 1777/347/287 1776/346/287
f 1756/347/268 1760/349/268 1778/349/268 1777/347/268
f 1779/330/267 1781/331/267 1782/332/267 1780/333/267
f 1781/331/268 1785/334/268 1786/335/268 1782/332/268
f 1828/336/268 1829/337/268 1784/338/268 1783/339/268
f 1783/339/269 1779/340/269 1780/341/269 1784/338/269
f 1781/342/270 1779/343/270 1783/339/270 1785/334/270
f 1786/335/268 1790/335/268 1788/332/268 1782/332/268
f 1801/338/267 1802/335/267 1810/335/267 1809/338/267
f 1784/338/271 1789/338/271 1790/335/271 1786/335/271
f 1782/332/267 1788/332/267 1787/333/267 1780/333/267
f 1780/341/269 1787/341/269 1789/338/269 1784/338/269
f 1827/344/272 1828/345/272 1783/339/272 1785/334/272
f 1793/331/269 1794/332/269 1798/335/269 1797/334/269
f 1797/334/267 1798/335/267 1796/338/267 1795/339/267
f 1795/339/268 1796/338/268 1792/341/268 1791/340/268
f 1793/342/273 1797/334/273 1795/339/273 1791/343/273
f 1798/335/269 1794/332/269 1800/332/269 1802/335/269
f 1839/335/271 1838/338/271 1805/338/271 1806/335/271
f 1796/338/267 1798/335/267 1802/335/267 1801/338/267
f 1794/332/271 1792/333/271 1799/333/271 1800/332/271
f 1792/341/268 1796/338/268 1801/338/268 1799/341/268
f 1829/346/274 1830/347/274 1786/335/274 1784/338/274
f 1830/347/269 1827/348/269 1785/334/269 1786/335/269
f 1810/335/269 1808/332/269 1816/332/269 1818/335/269
f 1807/341/268 1809/338/268 1817/338/268 1815/341/268
f 1841/333/267 1840/332/267 1804/332/267 1803/333/267
f 1800/332/271 1799/333/271 1807/333/271 1808/332/271
f 1838/338/269 1841/341/269 1803/341/269 1805/338/269
f 1799/341/268 1801/338/268 1809/338/268 1807/341/268
f 1840/332/268 1839/335/268 1806/335/268 1804/332/268
f 1802/335/269 1800/332/269 1808/332/269 1810/335/269
f 1814/335/275 1813/338/275 1821/338/275 1822/335/275
f 1815/341/268 1817/338/268 1825/338/268 1823/341/268
f 1805/338/269 1803/341/269 1811/341/269 1813/338/269
f 1804/332/268 1806/335/268 1814/335/268 1812/332/268
f 1809/338/276 1810/335/276 1818/335/276 1817/338/276
f 1808/332/277 1807/333/277 1815/333/277 1816/332/277
f 1806/335/278 1805/338/278 1813/338/278 1814/335/278
f 1803/333/279 1804/332/279 1812/332/279 1811/333/279
f 1824/332/280 1823/333/280 1821/338/280 1822/335/280
f 1811/333/281 1812/332/281 1820/332/281 1819/333/281
f 1813/338/269 1811/341/269 1819/341/269 1821/338/269
f 1812/332/268 1814/335/268 1822/335/268 1820/332/268
f 1826/335/269 1824/332/269 1822/335/269 1820/332/269
f 1818/335/269 1816/332/269 1824/332/269 1826/335/269
f 1817/338/282 1818/335/282 1826/335/282 1825/338/282
f 1816/332/283 1815/333/283 1823/333/283 1824/332/283
f 1823/341/268 1825/338/268 1819/341/268 1821/338/268
f 1825/338/284 1826/335/284 1820/332/284 1819/333/284
f 1834/349/269 1831/350/269 1827/348/269 1830/347/269
f 1833/351/285 1834/349/285 1830/347/285 1829/346/285
f 1831/352/286 1832/353/286 1828/345/286 1827/344/286
f 1832/354/268 1833/355/268 1829/337/268 1828/336/268
f 1791/340/268 1792/341/268 1833/355/268 1832/354/268
f 1793/342/272 1791/343/272 1832/353/272 1831/352/272
f 1792/333/274 1794/332/274 1834/349/274 1833/351/274
f 1794/332/269 1793/331/269 1831/350/269 1834/349/269
f 1833/351/287 1834/349/287 1837/349/287 1836/351/287
f 1829/346/268 1833/351/268 1836/351/268 1835/346/268
f 1845/332/268 1842/335/268 1839/335/268 1840/332/268
f 1844/338/269 1843/341/269 1841/341/269 1838/338/269
f 1843/333/267 1845/332/267 1840/332/267 1841/333/267
f 1844/338/269 1838/338/269 1846/338/269 1849/338/269
f 1790/335/271 1789/338/271 1844/338/271 1842/335/271
f 1787/333/267 1788/332/267 1845/332/267 1843/333/267
f 1789/338/269 1787/341/269 1843/341/269 1844/338/269
f 1788/332/268 1790/335/268 1842/335/268 1845/332/268
f 1848/335/271 1849/338/271 1846/338/271 1847/335/271
f 1838/338/273 1839/335/273 1847/335/273 1846/338/273
f 1842/335/270 1844/338/270 1849/338/270 1848/335/270
f 1839/335/268 1842/335/268 1848/335/268 1847/335/268
f 1829/346/287 1830/347/287 1851/347/287 1850/346/287
f 1830/347/268 1834/349/268 1852/349/268 1851/347/268
o Cube.005
v 2.335834 -0.691405 1.725606
v 2.335834 -0.657411 1.725606
v 2.301840 -0.691405 1.725606
v 2.301840 -0.657411 1.725606
v 2.335834 -0.691405 1.691611
v 2.335834 -0.657411 1.691611
v 2.301840 -0.691405 1.691611
v 2.301840 -0.657411 1.691611
v 2.335834 -0.495342 1.725606
v 2.301840 -0.495342 1.725606
v 2.335834 -0.495342 1.691611
v 2.301840 -0.495342 1.691611
v 2.335834 -0.691181 1.452613
v 2.335834 -0.657187 1.452613
v 2.301840 -0.691181 1.452613
v 2.301840 -0.657187 1.452613
v 2.335834 -0.691181 1.418619
v 2.335834 -0.657187 1.418619
v 2.301840 -0.691181 1.418619
v 2.301840 -0.657187 1.418619
v 2.335834 -0.495118 1.452613
v 2.301840 -0.495118 1.452613
v 2.335834 -0.495118 1.418619
v 2.301840 -0.495118 1.418619
v 2.335834 -0.202405 1.725606
v 2.301840 -0.202405 1.725606
v 2.335834 -0.202405 1.691611
v 2.301840 -0.202405 1.691611
v 2.335834 -0.202181 1.452613
v 2.301840 -0.202181 1.452613
v 2.335834 -0.202181 1.418619
v 2.301840 -0.202181 1.418619
v 2.335834 -0.068822 1.676749
v 2.301840 -0.068822 1.676749
v 2.335834 -0.088036 1.661999
v 2.301840 -0.088036 1.661999
v 2.335834 -0.086998 1.483179
v 2.301840 -0.086998 1.483179
v 2.335834 -0.069411 1.466522
v 2.301840 -0.069411 1.466522
v 2.335834 -0.033492 1.630728
v 2.301840 -0.033492 1.630728
v 2.335834 -0.052706 1.615978
v 2.301840 -0.052706 1.615978
v 2.335834 -0.053788 1.528148
v 2.301840 -0.048790 1.528148
v 2.335834 -0.032164 1.518533
v 2.301840 -0.032164 1.518533
v 2.301840 -0.691311 1.580274
v 2.335834 -0.691311 1.580274
v 2.335834 -0.657316 1.580274
v 2.301840 -0.657316 1.580274
v 2.301840 -0.691263 1.550867
v 2.335834 -0.691263 1.550867
v 2.335834 -0.657269 1.550867
v 2.301840 -0.657269 1.550867
v 2.335834 -0.050475 1.581248
v 2.335834 -0.050428 1.551841
v 2.301840 -0.050428 1.551841
v 2.335834 -0.285728 1.691611
v 2.301840 -0.285728 1.691611
v 2.301840 -0.285728 1.725606
v 2.335834 -0.285728 1.725606
v 2.301840 -0.323779 1.691611
v 2.335834 -0.323779 1.725606
v 2.335834 -0.323779 1.691611
v 2.301840 -0.323779 1.725606
v 2.335834 -0.285728 1.450509
v 2.301840 -0.285728 1.450509
v 2.301840 -0.323779 1.450509
v 2.335834 -0.323779 1.450509
v 2.335834 -0.059192 1.581234
v 2.301840 -0.059192 1.581234
v 2.301840 -0.059145 1.551827
v 2.335834 -0.691405 1.105493
v 2.335834 -0.657411 1.105493
v 2.301840 -0.691405 1.105493
v 2.301840 -0.657411 1.105493
v 2.335834 -0.691405 1.071498
v 2.335834 -0.657411 1.071498
v 2.301840 -0.691405 1.071498
v 2.301840 -0.657411 1.071498
v 2.335834 -0.495342 1.105493
v 2.301840 -0.495342 1.105493
v 2.335834 -0.495342 1.071498
v 2.301840 -0.495342 1.071498
v 2.335834 -0.691181 0.832500
v 2.335834 -0.657187 0.832500
v 2.301840 -0.691181 0.832500
v 2.301840 -0.657187 0.832500
v 2.335834 -0.691181 0.798506
v 2.335834 -0.657187 0.798506
v 2.301840 -0.691181 0.798506
v 2.301840 -0.657187 0.798506
v 2.335834 -0.495118 0.832500
v 2.301840 -0.495118 0.832500
v 2.335834 -0.495118 0.798506
v 2.301840 -0.495118 0.798506
v 2.335834 -0.202405 1.105493
v 2.301840 -0.202405 1.105493
v 2.335834 -0.202405 1.071498
v 2.301840 -0.202405 1.071498
v 2.335834 -0.202181 0.832500
v 2.301840 -0.202181 0.832500
v 2.335834 -0.202181 0.798506
v 2.301840 -0.202181 0.798506
v 2.335834 -0.068822 1.056636
v 2.301840 -0.068822 1.056636
v 2.335834 -0.088036 1.041885
v 2.301840 -0.088036 1.041885
v 2.335834 -0.086998 0.863066
v 2.301840 -0.086998 0.863066
v 2.335834 -0.069411 0.846410
v 2.301840 -0.069411 0.846410
v 2.335834 -0.033492 1.010615
v 2.301840 -0.033492 1.010615
v 2.335834 -0.052706 0.995865
v 2.301840 -0.052706 0.995865
v 2.335834 -0.053788 0.908035
v 2.301840 -0.048790 0.908035
v 2.335834 -0.032164 0.898420
v 2.301840 -0.032164 0.898420
v 2.301840 -0.691311 0.960161
v 2.335834 -0.691311 0.960161
v 2.335834 -0.657316 0.960161
v 2.301840 -0.657316 0.960161
v 2.301840 -0.691263 0.930754
v 2.335834 -0.691263 0.930754
v 2.335834 -0.657269 0.930754
v 2.301840 -0.657269 0.930754
v 2.335834 -0.050475 0.961135
v 2.335834 -0.050428 0.931728
v 2.301840 -0.050428 0.931728
v 2.335834 -0.285728 1.071498
v 2.301840 -0.285728 1.071498
v 2.301840 -0.285728 1.105493
v 2.335834 -0.285728 1.105493
v 2.301840 -0.323779 1.071498
v 2.335834 -0.323779 1.105493
v 2.335834 -0.323779 1.071498
v 2.301840 -0.323779 1.105493
v 2.335834 -0.285728 0.830396
v 2.301840 -0.285728 0.830396
v 2.301840 -0.323779 0.830396
v 2.335834 -0.323779 0.830396
v 2.335834 -0.059192 0.961121
v 2.301840 -0.059192 0.961121
v 2.301840 -0.059145 0.931714
v 2.335834 -0.691405 0.485380
v 2.335834 -0.657411 0.485380
v 2.301840 -0.691405 0.485380
v 2.301840 -0.657411 0.485380
v 2.335834 -0.691405 0.451385
v 2.335834 -0.657411 0.451385
v 2.301840 -0.691405 0.451385
v 2.301840 -0.657411 0.451385
v 2.335834 -0.495342 0.485380
v 2.301840 -0.495342 0.485380
v 2.335834 -0.495342 0.451385
v 2.301840 -0.495342 0.451385
v 2.335834 -0.691181 0.212387
v 2.335834 -0.657187 0.212387
v 2.301840 -0.691181 0.212387
v 2.301840 -0.657187 0.212387
v 2.335834 -0.691181 0.178393
v 2.335834 -0.657187 0.178393
v 2.301840 -0.691181 0.178393
v 2.301840 -0.657187 0.178393
v 2.335834 -0.495118 0.212387
v 2.301840 -0.495118 0.212387
v 2.335834 -0.495118 0.178393
v 2.301840 -0.495118 0.178393
v 2.335834 -0.202405 0.485380
v 2.301840 -0.202405 0.485380
v 2.335834 -0.202405 0.451385
v 2.301840 -0.202405 0.451385
v 2.335834 -0.202181 0.212387
v 2.301840 -0.202181 0.212387
v 2.335834 -0.202181 0.178393
v 2.301840 -0.202181 0.178393
v 2.335834 -0.068822 0.436523
v 2.301840 -0.068822 0.436523
v 2.335834 -0.088036 0.421773
v 2.301840 -0.088036 0.421773
v 2.335834 -0.086998 0.242954
v 2.301840 -0.086998 0.242954
v 2.335834 -0.069411 0.226297
v 2.301840 -0.069411 0.226297
v 2.335834 -0.033492 0.390503
v 2.301840 -0.033492 0.390503
v 2.335834 -0.052706 0.375752
v 2.301840 -0.052706 0.375752
v 2.335834 -0.053788 0.287922
v 2.301840 -0.048790 0.287922
v 2.335834 -0.032164 0.278307
v 2.301840 -0.032164 0.278307
v 2.301840 -0.691311 0.340048
v 2.335834 -0.691311 0.340048
v 2.335834 -0.657316 0.340048
v 2.301840 -0.657316 0.340048
v 2.301840 -0.691263 0.310642
v 2.335834 -0.691263 0.310642
v 2.335834 -0.657269 0.310642
v 2.301840 -0.657269 0.310642
v 2.335834 -0.050475 0.341022
v 2.335834 -0.050428 0.311615
v 2.301840 -0.050428 0.311615
v 2.335834 -0.285728 0.451385
v 2.301840 -0.285728 0.451385
v 2.301840 -0.285728 0.485380
v 2.335834 -0.285728 0.485380
v 2.301840 -0.323779 0.451385
v 2.335834 -0.323779 0.485380
v 2.335834 -0.323779 0.451385
v 2.301840 -0.323779 0.485380
v 2.335834 -0.285728 0.210283
v 2.301840 -0.285728 0.210283
v 2.301840 -0.323779 0.210283
v 2.335834 -0.323779 0.210283
v 2.335834 -0.059192 0.341008
v 2.301840 -0.059192 0.341008
v 2.301840 -0.059145 0.311601
v 2.335834 -0.691405 -0.134733
v 2.335834 -0.657411 -0.134733
v 2.301840 -0.691405 -0.134733
v 2.301840 -0.657411 -0.134733
v 2.335834 -0.691405 -0.168728
v 2.335834 -0.657411 -0.168728
v 2.301840 -0.691405 -0.168728
v 2.301840 -0.657411 -0.168728
v 2.335834 -0.495342 -0.134733
v 2.301840 -0.495342 -0.134733
v 2.335834 -0.495342 -0.168728
v 2.301840 -0.495342 -0.168728
v 2.335834 -0.691181 -0.407725
v 2.335834 -0.657187 -0.407725
v 2.301840 -0.691181 -0.407725
v 2.301840 -0.657187 -0.407725
v 2.335834 -0.691181 -0.441720
v 2.335834 -0.657187 -0.441720
v 2.301840 -0.691181 -0.441720
v 2.301840 -0.657187 -0.441720
v 2.335834 -0.495118 -0.407725
v 2.301840 -0.495118 -0.407725
v 2.335834 -0.495118 -0.441720
v 2.301840 -0.495118 -0.441720
v 2.335834 -0.202405 -0.134733
v 2.301840 -0.202405 -0.134733
v 2.335834 -0.202405 -0.168728
v 2.301840 -0.202405 -0.168728
v 2.335834 -0.202181 -0.407725
v 2.301840 -0.202181 -0.407725
v 2.335834 -0.202181 -0.441720
v 2.301840 -0.202181 -0.441720
v 2.335834 -0.068822 -0.183590
v 2.301840 -0.068822 -0.183590
v 2.335834 -0.088036 -0.198340
v 2.301840 -0.088036 -0.198340
v 2.335834 -0.086998 -0.377159
v 2.301840 -0.086998 -0.377159
v 2.335834 -0.069411 -0.393816
v 2.301840 -0.069411 -0.393816
v 2.335834 -0.033492 -0.229610
v 2.301840 -0.033492 -0.229610
v 2.335834 -0.052706 -0.244361
v 2.301840 -0.052706 -0.244361
v 2.335834 -0.053788 -0.332191
v 2.301840 -0.048790 -0.332191
v 2.335834 -0.032164 -0.341805
v 2.301840 -0.032164 -0.341805
v 2.301840 -0.691311 -0.280064
v 2.335834 -0.691311 -0.280064
v 2.335834 -0.657316 -0.280064
v 2.301840 -0.657316 -0.280064
v 2.301840 -0.691263 -0.309471
v 2.335834 -0.691263 -0.309471
v 2.335834 -0.657269 -0.309471
v 2.301840 -0.657269 -0.309471
v 2.335834 -0.050475 -0.279091
v 2.335834 -0.050428 -0.308498
v 2.301840 -0.050428 -0.308498
v 2.335834 -0.285728 -0.168728
v 2.301840 -0.285728 -0.168728
v 2.301840 -0.285728 -0.134733
v 2.335834 -0.285728 -0.134733
v 2.301840 -0.323779 -0.168728
v 2.335834 -0.323779 -0.134733
v 2.335834 -0.323779 -0.168728
v 2.301840 -0.323779 -0.134733
v 2.335834 -0.285728 -0.409830
v 2.301840 -0.285728 -0.409830
v 2.301840 -0.323779 -0.409830
v 2.335834 -0.323779 -0.409830
v 2.335834 -0.059192 -0.279105
v 2.301840 -0.059192 -0.279105
v 2.301840 -0.059145 -0.308512
v 2.335834 -0.691405 -0.754846
v 2.335834 -0.657411 -0.754846
v 2.301840 -0.691405 -0.754846
v 2.301840 -0.657411 -0.754846
v 2.335834 -0.691405 -0.788841
v 2.335834 -0.657411 -0.788841
v 2.301840 -0.691405 -0.788841
v 2.301840 -0.657411 -0.788841
v 2.335834 -0.495342 -0.754846
v 2.301840 -0.495342 -0.754846
v 2.335834 -0.495342 -0.788841
v 2.301840 -0.495342 -0.788841
v 2.335834 -0.691181 -1.027838
v 2.335834 -0.657187 -1.027838
v 2.301840 -0.691181 -1.027838
v 2.301840 -0.657187 -1.027838
v 2.335834 -0.691181 -1.061833
v 2.335834 -0.657187 -1.061833
v 2.301840 -0.691181 -1.061833
v 2.301840 -0.657187 -1.061833
v 2.335834 -0.495118 -1.027838
v 2.301840 -0.495118 -1.027838
v 2.335834 -0.495118 -1.061833
v 2.301840 -0.495118 -1.061833
v 2.335834 -0.202405 -0.754846
v 2.301840 -0.202405 -0.754846
v 2.335834 -0.202405 -0.788841
v 2.301840 -0.202405 -0.788841
v 2.335834 -0.202181 -1.027838
v 2.301840 -0.202181 -1.027838
v 2.335834 -0.202181 -1.061833
v 2.301840 -0.202181 -1.061833
v 2.335834 -0.068822 -0.803703
v 2.301840 -0.068822 -0.803703
v 2.335834 -0.088036 -0.818453
v 2.301840 -0.088036 -0.818453
v 2.335834 -0.086998 -0.997272
v 2.301840 -0.086998 -0.997272
v 2.335834 -0.069411 -1.013929
v 2.301840 -0.069411 -1.013929
v 2.335834 -0.033492 -0.849723
v 2.301840 -0.033492 -0.849723
v 2.335834 -0.052706 -0.864474
v 2.301840 -0.052706 -0.864474
v 2.335834 -0.053788 -0.952304
v 2.301840 -0.048790 -0.952304
v 2.335834 -0.032164 -0.961919
v 2.301840 -0.032164 -0.961919
v 2.301840 -0.691311 -0.900177
v 2.335834 -0.691311 -0.900177
v 2.335834 -0.657316 -0.900177
v 2.301840 -0.657316 -0.900177
v 2.301840 -0.691263 -0.929585
v 2.335834 -0.691263 -0.929585
v 2.335834 -0.657269 -0.929585
v 2.301840 -0.657269 -0.929585
v 2.335834 -0.050475 -0.899204
v 2.335834 -0.050428 -0.928611
v 2.301840 -0.050428 -0.928611
v 2.335834 -0.285728 -0.788841
v 2.301840 -0.285728 -0.788841
v 2.301840 -0.285728 -0.754846
v 2.335834 -0.285728 -0.754846
v 2.301840 -0.323779 -0.788841
v 2.335834 -0.323779 -0.754846
v 2.335834 -0.323779 -0.788841
v 2.301840 -0.323779 -0.754846
v 2.335834 -0.285728 -1.029943
v 2.301840 -0.285728 -1.029943
v 2.301840 -0.323779 -1.029943
v 2.335834 -0.323779 -1.029943
v 2.335834 -0.059192 -0.899218
v 2.301840 -0.059192 -0.899218
v 2.301840 -0.059145 -0.928625
v 2.335834 -0.691405 -1.374959
v 2.335834 -0.657411 -1.374959
v 2.301840 -0.691405 -1.374959
v 2.301840 -0.657411 -1.374959
v 2.335834 -0.691405 -1.408953
v 2.335834 -0.657411 -1.408953
v 2.301840 -0.691405 -1.408953
v 2.301840 -0.657411 -1.408953
v 2.335834 -0.495342 -1.374959
v 2.301840 -0.495342 -1.374959
v 2.335834 -0.495342 -1.408953
v 2.301840 -0.495342 -1.408953
v 2.335834 -0.691181 -1.647951
v 2.335834 -0.657187 -1.647951
v 2.301840 -0.691181 -1.647951
v 2.301840 -0.657187 -1.647951
v 2.335834 -0.691181 -1.681946
v 2.335834 -0.657187 -1.681946
v 2.301840 -0.691181 -1.681946
v 2.301840 -0.657187 -1.681946
v 2.335834 -0.495118 -1.647951
v 2.301840 -0.495118 -1.647951
v 2.335834 -0.495118 -1.681946
v 2.301840 -0.495118 -1.681946
v 2.335834 -0.202405 -1.374959
v 2.301840 -0.202405 -1.374959
v 2.335834 -0.202405 -1.408953
v 2.301840 -0.202405 -1.408953
v 2.335834 -0.202181 -1.647951
v 2.301840 -0.202181 -1.647951
v 2.335834 -0.202181 -1.681946
v 2.301840 -0.202181 -1.681946
v 2.335834 -0.068822 -1.423816
v 2.301840 -0.068822 -1.423816
v 2.335834 -0.088036 -1.438566
v 2.301840 -0.088036 -1.438566
v 2.335834 -0.086998 -1.617385
v 2.301840 -0.086998 -1.617385
v 2.335834 -0.069411 -1.634042
v 2.301840 -0.069411 -1.634042
v 2.335834 -0.033492 -1.469836
v 2.301840 -0.033492 -1.469836
v 2.335834 -0.052706 -1.484586
v 2.301840 -0.052706 -1.484586
v 2.335834 -0.053788 -1.572417
v 2.301840 -0.048790 -1.572417
v 2.335834 -0.032164 -1.582031
v 2.301840 -0.032164 -1.582031
v 2.301840 -0.691311 -1.520290
v 2.335834 -0.691311 -1.520290
v 2.335834 -0.657316 -1.520290
v 2.301840 -0.657316 -1.520290
v 2.301840 -0.691263 -1.549697
v 2.335834 -0.691263 -1.549697
v 2.335834 -0.657269 -1.549697
v 2.301840 -0.657269 -1.549697
v 2.335834 -0.050475 -1.519317
v 2.335834 -0.050428 -1.548724
v 2.301840 -0.050428 -1.548724
v 2.335834 -0.285728 -1.408953
v 2.301840 -0.285728 -1.408953
v 2.301840 -0.285728 -1.374959
v 2.335834 -0.285728 -1.374959
v 2.301840 -0.323779 -1.408953
v 2.335834 -0.323779 -1.374959
v 2.335834 -0.323779 -1.408953
v 2.301840 -0.323779 -1.374959
v 2.335834 -0.285728 -1.650056
v 2.301840 -0.285728 -1.650056
v 2.301840 -0.323779 -1.650056
v 2.335834 -0.323779 -1.650056
v 2.335834 -0.059192 -1.519331
v 2.301840 -0.059192 -1.519331
v 2.301840 -0.059145 -1.548738
vn -0.0000 -0.0000 -1.0000
vn 1.0000 -0.0000 -0.0000
vn -1.0000 -0.0000 -0.0000
vn -0.0000 1.0000 -0.0000
vn -0.0000 -0.0000 1.0000
vn -0.0000 -1.0000 -0.0008
vn -0.0000 -1.0000 -0.0000
vn -0.0000 1.0000 0.0008
vn -0.0000 0.7932 0.6089
vn -0.0000 0.3394 -0.9406
vn -0.0000 -0.2565 0.9665
vn -0.0000 0.2507 0.9681
vn -0.0000 -0.3435 -0.9392
vn -0.0733 -0.9972 -0.0161
vn -0.0000 -0.7932 -0.6089
vn -0.0000 0.8130 -0.5822
vn -0.0575 -0.7818 0.6208
vn -0.0000 0.9999 0.0118
vn -0.0000 1.0000 0.0016
vn -0.0000 -1.0000 -0.0016
vn -0.0000 0.0016 -1.0000
vt 0.375000 0.000000
vt 0.375000 0.250000
vt 0.625000 0.250000
vt 0.625000 0.000000
vt 0.375000 0.500000
vt 0.625000 0.500000
vt 0.375000 0.855516
vt 0.625000 0.855516
vt 0.625000 0.750000
vt 0.375000 0.750000
vt 0.375000 1.000000
vt 0.625000 1.000000
vt 0.125000 0.500000
vt 0.125000 0.750000
vt 0.269484 0.500000
vt 0.269484 0.750000
vt 0.625000 0.433453
vt 0.625000 0.394484
vt 0.375000 0.394484
vt 0.625000 0.341831
vt 0.375000 0.341831
vt 0.625000 0.275492
vt 0.216831 0.500000
vt 0.216831 0.750000
vt 0.375000 0.908170
vt 0.625000 0.908169
s 0
f 1853/356/288 1855/357/288 1856/358/288 1854/359/288
f 1855/357/289 1859/360/289 1860/361/289 1856/358/289
f 1902/362/289 1903/363/289 1858/364/289 1857/365/289
f 1857/365/290 1853/366/290 1854/367/290 1858/364/290
f 1855/368/291 1853/369/291 1857/365/291 1859/360/291
f 1860/361/289 1864/361/289 1862/358/289 1856/358/289
f 1875/364/288 1876/361/288 1884/361/288 1883/364/288
f 1858/364/292 1863/364/292 1864/361/292 1860/361/292
f 1856/358/288 1862/358/288 1861/359/288 1854/359/288
f 1854/367/290 1861/367/290 1863/364/290 1858/364/290
f 1901/370/293 1902/371/293 1857/365/293 1859/360/293
f 1867/357/290 1868/358/290 1872/361/290 1871/360/290
f 1871/360/288 1872/361/288 1870/364/288 1869/365/288
f 1869/365/289 1870/364/289 1866/367/289 1865/366/289
f 1867/368/294 1871/360/294 1869/365/294 1865/369/294
f 1872/361/290 1868/358/290 1874/358/290 1876/361/290
f 1913/361/292 1912/364/292 1879/364/292 1880/361/292
f 1870/364/288 1872/361/288 1876/361/288 1875/364/288
f 1868/358/292 1866/359/292 1873/359/292 1874/358/292
f 1866/367/289 1870/364/289 1875/364/289 1873/367/289
f 1903/372/295 1904/373/295 1860/361/295 1858/364/295
f 1904/373/290 1901/374/290 1859/360/290 1860/361/290
f 1884/361/290 1882/358/290 1890/358/290 1892/361/290
f 1881/367/289 1883/364/289 1891/364/289 1889/367/289
f 1915/359/288 1914/358/288 1878/358/288 1877/359/288
f 1874/358/292 1873/359/292 1881/359/292 1882/358/292
f 1912/364/290 1915/367/290 1877/367/290 1879/364/290
f 1873/367/289 1875/364/289 1883/364/289 1881/367/289
f 1914/358/289 1913/361/289 1880/361/289 1878/358/289
f 1876/361/290 1874/358/290 1882/358/290 1884/361/290
f 1888/361/296 1887/364/296 1895/364/296 1896/361/296
f 1889/367/289 1891/364/289 1899/364/289 1897/367/289
f 1879/364/290 1877/367/290 1885/367/290 1887/364/290
f 1878/358/289 1880/361/289 1888/361/289 1886/358/289
f 1883/364/297 1884/361/297 1892/361/297 1891/364/297
f 1882/358/298 1881/359/298 1889/359/298 1890/358/298
f 1880/361/299 1879/364/299 1887/364/299 1888/361/299
f 1877/359/300 1878/358/300 1886/358/300 1885/359/300
f 1898/358/301 1897/359/301 1895/364/301 1896/361/301
f 1885/359/302 1886/358/302 1894/358/302 1893/359/302
f 1887/364/290 1885/367/290 1893/367/290 1895/364/290
f 1886/358/289 1888/361/289 1896/361/289 1894/358/289
f 1900/361/290 1898/358/290 1896/361/290 1894/358/290
f 1892/361/290 1890/358/290 1898/358/290 1900/361/290
f 1891/364/303 1892/361/303 1900/361/303 1899/364/303
f 1890/358/304 1889/359/304 1897/359/304 1898/358/304
f 1897/367/289 1899/364/289 1893/367/289 1895/364/289
f 1899/364/305 1900/361/305 1894/358/305 1893/359/305
f 1908/375/290 1905/376/290 1901/374/290 1904/373/290
f 1907/377/306 1908/375/306 1904/373/306 1903/372/306
f 1905/378/307 1906/379/307 1902/371/307 1901/370/307
f 1906/380/289 1907/381/289 1903/363/289 1902/362/289
f 1865/366/289 1866/367/289 1907/381/289 1906/380/289
f 1867/368/293 1865/369/293 1906/379/293 1905/378/293
f 1866/359/295 1868/358/295 1908/375/295 1907/377/295
f 1868/358/290 1867/357/290 1905/376/290 1908/375/290
f 1907/377/308 1908/375/308 1911/375/308 1910/377/308
f 1903/372/289 1907/377/289 1910/377/289 1909/372/289
f 1919/358/289 1916/361/289 1913/361/289 1914/358/289
f 1918/364/290 1917/367/290 1915/367/290 1912/364/290
f 1917/359/288 1919/358/288 1914/358/288 1915/359/288
f 1918/364/290 1912/364/290 1920/364/290 1923/364/290
f 1864/361/292 1863/364/292 1918/364/292 1916/361/292
f 1861/359/288 1862/358/288 1919/358/288 1917/359/288
f 1863/364/290 1861/367/290 1917/367/290 1918/364/290
f 1862/358/289 1864/361/289 1916/361/289 1919/358/289
f 1922/361/292 1923/364/292 1920/364/292 1921/361/292
f 1912/364/294 1913/361/294 1921/361/294 1920/364/294
f 1916/361/291 1918/364/291 1923/364/291 1922/361/291
f 1913/361/289 1916/361/289 1922/361/289 1921/361/289
f 1903/372/308 1904/373/308 1925/373/308 1924/372/308
f 1904/373/289 1908/375/289 1926/375/289 1925/373/289
f 1927/356/288 1929/357/288 1930/358/288 1928/359/288
f 1929/357/289 1933/360/289 1934/361/289 1930/358/289
f 1976/362/289 1977/363/289 1932/364/289 1931/365/289
f 1931/365/290 1927/366/290 1928/367/290 1932/364/290
f 1929/368/291 1927/369/291 1931/365/291 1933/360/291
f 1934/361/289 1938/361/289 1936/358/289 1930/358/289
f 1949/364/288 1950/361/288 1958/361/288 1957/364/288
f 1932/364/292 1937/364/292 1938/361/292 1934/361/292
f 1930/358/288 1936/358/288 1935/359/288 1928/359/288
f 1928/367/290 1935/367/290 1937/364/290 1932/364/290
f 1975/370/293 1976/371/293 1931/365/293 1933/360/293
f 1941/357/290 1942/358/290 1946/361/290 1945/360/290
f 1945/360/288 1946/361/288 1944/364/288 1943/365/288
f 1943/365/289 1944/364/289 1940/367/289 1939/366/289
f 1941/368/294 1945/360/294 1943/365/294 1939/369/294
f 1946/361/290 1942/358/290 1948/358/290 1950/361/290
f 1987/361/292 1986/364/292 1953/364/292 1954/361/292
f 1944/364/288 1946/361/288 1950/361/288 1949/364/288
f 1942/358/292 1940/359/292 1947/359/292 1948/358/292
f 1940/367/289 1944/364/289 1949/364/289 1947/367/289
f 1977/372/295 1978/373/295 1934/361/295 1932/364/295
f 1978/373/290 1975/374/290 1933/360/290 1934/361/290
f 1958/361/290 1956/358/290 1964/358/290 1966/361/290
f 1955/367/289 1957/364/289 1965/364/289 1963/367/289
f 1989/359/288 1988/358/288 1952/358/288 1951/359/288
f 1948/358/292 1947/359/292 1955/359/292 1956/358/292
f 1986/364/290 1989/367/290 1951/367/290 1953/364/290
f 1947/367/289 1949/364/289 1957/364/289 1955/367/289
f 1988/358/289 1987/361/289 1954/361/289 1952/358/289
f 1950/361/290 1948/358/290 1956/358/290 1958/361/290
f 1962/361/296 1961/364/296 1969/364/296 1970/361/296
f 1963/367/289 1965/364/289 1973/364/289 1971/367/289
f 1953/364/290 1951/367/290 1959/367/290 1961/364/290
f 1952/358/289 1954/361/289 1962/361/289 1960/358/289
f 1957/364/297 1958/361/297 1966/361/297 1965/364/297
f 1956/358/298 1955/359/298 1963/359/298 1964/358/298
f 1954/361/299 1953/364/299 1961/364/299 1962/361/299
f 1951/359/300 1952/358/300 1960/358/300 1959/359/300
f 1972/358/301 1971/359/301 1969/364/301 1970/361/301
f 1959/359/302 1960/358/302 1968/358/302 1967/359/302
f 1961/364/290 1959/367/290 1967/367/290 1969/364/290
f 1960/358/289 1962/361/289 1970/361/289 1968/358/289
f 1974/361/290 1972/358/290 1970/361/290 1968/358/290
f 1966/361/290 1964/358/290 1972/358/290 1974/361/290
f 1965/364/303 1966/361/303 1974/361/303 1973/364/303
f 1964/358/304 1963/359/304 1971/359/304 1972/358/304
f 1971/367/289 1973/364/289 1967/367/289 1969/364/289
f 1973/364/305 1974/361/305 1968/358/305 1967/359/305
f 1982/375/290 1979/376/290 1975/374/290 1978/373/290
f 1981/377/306 1982/375/306 1978/373/306 1977/372/306
f 1979/378/307 1980/379/307 1976/371/307 1975/370/307
f 1980/380/289 1981/381/289 1977/363/289 1976/362/289
f 1939/366/289 1940/367/289 1981/381/289 1980/380/289
f 1941/368/293 1939/369/293 1980/379/293 1979/378/293
f 1940/359/295 1942/358/295 1982/375/295 1981/377/295
f 1942/358/290 1941/357/290 1979/376/290 1982/375/290
f 1981/377/308 1982/375/308 1985/375/308 1984/377/308
f 1977/372/289 1981/377/289 1984/377/289 1983/372/289
f 1993/358/289 1990/361/289 1987/361/289 1988/358/289
f 1992/364/290 1991/367/290 1989/367/290 1986/364/290
f 1991/359/288 1993/358/288 1988/358/288 1989/359/288
f 1992/364/290 1986/364/290 1994/364/290 1997/364/290
f 1938/361/292 1937/364/292 1992/364/292 1990/361/292
f 1935/359/288 1936/358/288 1993/358/288 1991/359/288
f 1937/364/290 1935/367/290 1991/367/290 1992/364/290
f 1936/358/289 1938/361/289 1990/361/289 1993/358/289
f 1996/361/292 1997/364/292 1994/364/292 1995/361/292
f 1986/364/294 1987/361/294 1995/361/294 1994/364/294
f 1990/361/291 1992/364/291 1997/364/291 1996/361/291
f 1987/361/289 1990/361/289 1996/361/289 1995/361/289
f 1977/372/308 1978/373/308 1999/373/308 1998/372/308
f 1978/373/289 1982/375/289 2000/375/289 1999/373/289
f 2001/356/288 2003/357/288 2004/358/288 2002/359/288
f 2003/357/289 2007/360/289 2008/361/289 2004/358/289
f 2050/362/289 2051/363/289 2006/364/289 2005/365/289
f 2005/365/290 2001/366/290 2002/367/290 2006/364/290
f 2003/368/291 2001/369/291 2005/365/291 2007/360/291
f 2008/361/289 2012/361/289 2010/358/289 2004/358/289
f 2023/364/288 2024/361/288 2032/361/288 2031/364/288
f 2006/364/292 2011/364/292 2012/361/292 2008/361/292
f 2004/358/288 2010/358/288 2009/359/288 2002/359/288
f 2002/367/290 2009/367/290 2011/364/290 2006/364/290
f 2049/370/293 2050/371/293 2005/365/293 2007/360/293
f 2015/357/290 2016/358/290 2020/361/290 2019/360/290
f 2019/360/288 2020/361/288 2018/364/288 2017/365/288
f 2017/365/289 2018/364/289 2014/367/289 2013/366/289
f 2015/368/294 2019/360/294 2017/365/294 2013/369/294
f 2020/361/290 2016/358/290 2022/358/290 2024/361/290
f 2061/361/292 2060/364/292 2027/364/292 2028/361/292
f 2018/364/288 2020/361/288 2024/361/288 2023/364/288
f 2016/358/292 2014/359/292 2021/359/292 2022/358/292
f 2014/367/289 2018/364/289 2023/364/289 2021/367/289
f 2051/372/295 2052/373/295 2008/361/295 2006/364/295
f 2052/373/290 2049/374/290 2007/360/290 2008/361/290
f 2032/361/290 2030/358/290 2038/358/290 2040/361/290
f 2029/367/289 2031/364/289 2039/364/289 2037/367/289
f 2063/359/288 2062/358/288 2026/358/288 2025/359/288
f 2022/358/292 2021/359/292 2029/359/292 2030/358/292
f 2060/364/290 2063/367/290 2025/367/290 2027/364/290
f 2021/367/289 2023/364/289 2031/364/289 2029/367/289
f 2062/358/289 2061/361/289 2028/361/289 2026/358/289
f 2024/361/290 2022/358/290 2030/358/290 2032/361/290
f 2036/361/296 2035/364/296 2043/364/296 2044/361/296
f 2037/367/289 2039/364/289 2047/364/289 2045/367/289
f 2027/364/290 2025/367/290 2033/367/290 2035/364/290
f 2026/358/289 2028/361/289 2036/361/289 2034/358/289
f 2031/364/297 2032/361/297 2040/361/297 2039/364/297
f 2030/358/298 2029/359/298 2037/359/298 2038/358/298
f 2028/361/299 2027/364/299 2035/364/299 2036/361/299
f 2025/359/300 2026/358/300 2034/358/300 2033/359/300
f 2046/358/301 2045/359/301 2043/364/301 2044/361/301
f 2033/359/302 2034/358/302 2042/358/302 2041/359/302
f 2035/364/290 2033/367/290 2041/367/290 2043/364/290
f 2034/358/289 2036/361/289 2044/361/289 2042/358/289
f 2048/361/290 2046/358/290 2044/361/290 2042/358/290
f 2040/361/290 2038/358/290 2046/358/290 2048/361/290
f 2039/364/303 2040/361/303 2048/361/303 2047/364/303
f 2038/358/304 2037/359/304 2045/359/304 2046/358/304
f 2045/367/289 2047/364/289 2041/367/289 2043/364/289
f 2047/364/305 2048/361/305 2042/358/305 2041/359/305
f 2056/375/290 2053/376/290 2049/374/290 2052/373/290
f 2055/377/306 2056/375/306 2052/373/306 2051/372/306
f 2053/378/307 2054/379/307 2050/371/307 2049/370/307
f 2054/380/289 2055/381/289 2051/363/289 2050/362/289
f 2013/366/289 2014/367/289 2055/381/289 2054/380/289
f 2015/368/293 2013/369/293 2054/379/293 2053/378/293
f 2014/359/295 2016/358/295 2056/375/295 2055/377/295
f 2016/358/290 2015/357/290 2053/376/290 2056/375/290
f 2055/377/308 2056/375/308 2059/375/308 2058/377/308
f 2051/372/289 2055/377/289 2058/377/289 2057/372/289
f 2067/358/289 2064/361/289 2061/361/289 2062/358/289
f 2066/364/290 2065/367/290 2063/367/290 2060/364/290
f 2065/359/288 2067/358/288 2062/358/288 2063/359/288
f 2066/364/290 2060/364/290 2068/364/290 2071/364/290
f 2012/361/292 2011/364/292 2066/364/292 2064/361/292
f 2009/359/288 2010/358/288 2067/358/288 2065/359/288
f 2011/364/290 2009/367/290 2065/367/290 2066/364/290
f 2010/358/289 2012/361/289 2064/361/289 2067/358/289
f 2070/361/292 2071/364/292 2068/364/292 2069/361/292
f 2060/364/294 2061/361/294 2069/361/294 2068/364/294
f 2064/361/291 2066/364/291 2071/364/291 2070/361/291
f 2061/361/289 2064/361/289 2070/361/289 2069/361/289
f 2051/372/308 2052/373/308 2073/373/308 2072/372/308
f 2052/373/289 2056/375/289 2074/375/289 2073/373/289
f 2075/356/288 2077/357/288 2078/358/288 2076/359/288
f 2077/357/289 2081/360/289 2082/361/289 2078/358/289
f 2124/362/289 2125/363/289 2080/364/289 2079/365/289
f 2079/365/290 2075/366/290 2076/367/290 2080/364/290
f 2077/368/291 2075/369/291 2079/365/291 2081/360/291
f 2082/361/289 2086/361/289 2084/358/289 2078/358/289
f 2097/364/288 2098/361/288 2106/361/288 2105/364/288
f 2080/364/292 2085/364/292 2086/361/292 2082/361/292
f 2078/358/288 2084/358/288 2083/359/288 2076/359/288
f 2076/367/290 2083/367/290 2085/364/290 2080/364/290
f 2123/370/293 2124/371/293 2079/365/293 2081/360/293
f 2089/357/290 2090/358/290 2094/361/290 2093/360/290
f 2093/360/288 2094/361/288 2092/364/288 2091/365/288
f 2091/365/289 2092/364/289 2088/367/289 2087/366/289
f 2089/368/294 2093/360/294 2091/365/294 2087/369/294
f 2094/361/290 2090/358/290 2096/358/290 2098/361/290
f 2135/361/292 2134/364/292 2101/364/292 2102/361/292
f 2092/364/288 2094/361/288 2098/361/288 2097/364/288
f 2090/358/292 2088/359/292 2095/359/292 2096/358/292
f 2088/367/289 2092/364/289 2097/364/289 2095/367/289
f 2125/372/295 2126/373/295 2082/361/295 2080/364/295
f 2126/373/290 2123/374/290 2081/360/290 2082/361/290
f 2106/361/290 2104/358/290 2112/358/290 2114/361/290
f 2103/367/289 2105/364/289 2113/364/289 2111/367/289
f 2137/359/288 2136/358/288 2100/358/288 2099/359/288
f 2096/358/292 2095/359/292 2103/359/292 2104/358/292
f 2134/364/290 2137/367/290 2099/367/290 2101/364/290
f 2095/367/289 2097/364/289 2105/364/289 2103/367/289
f 2136/358/289 2135/361/289 2102/361/289 2100/358/289
f 2098/361/290 2096/358/290 2104/358/290 2106/361/290
f 2110/361/296 2109/364/296 2117/364/296 2118/361/296
f 2111/367/289 2113/364/289 2121/364/289 2119/367/289
f 2101/364/290 2099/367/290 2107/367/290 2109/364/290
f 2100/358/289 2102/361/289 2110/361/289 2108/358/289
f 2105/364/297 2106/361/297 2114/361/297 2113/364/297
f 2104/358/298 2103/359/298 2111/359/298 2112/358/298
f 2102/361/299 2101/364/299 2109/364/299 2110/361/299
f 2099/359/300 2100/358/300 2108/358/300 2107/359/300
f 2120/358/301 2119/359/301 2117/364/301 2118/361/301
f 2107/359/302 2108/358/302 2116/358/302 2115/359/302
f 2109/364/290 2107/367/290 2115/367/290 2117/364/290
f 2108/358/289 2110/361/289 2118/361/289 2116/358/289
f 2122/361/290 2120/358/290 2118/361/290 2116/358/290
f 2114/361/290 2112/358/290 2120/358/290 2122/361/290
f 2113/364/303 2114/361/303 2122/361/303 2121/364/303
f 2112/358/304 2111/359/304 2119/359/304 2120/358/304
f 2119/367/289 2121/364/289 2115/367/289 2117/364/289
f 2121/364/305 2122/361/305 2116/358/305 2115/359/305
f 2130/375/290 2127/376/290 2123/374/290 2126/373/290
f 2129/377/306 2130/375/306 2126/373/306 2125/372/306
f 2127/378/307 2128/379/307 2124/371/307 2123/370/307
f 2128/380/289 2129/381/289 2125/363/289 2124/362/289
f 2087/366/289 2088/367/289 2129/381/289 2128/380/289
f 2089/368/293 2087/369/293 2128/379/293 2127/378/293
f 2088/359/295 2090/358/295 2130/375/295 2129/377/295
f 2090/358/290 2089/357/290 2127/376/290 2130/375/290
f 2129/377/308 2130/375/308 2133/375/308 2132/377/308
f 2125/372/289 2129/377/289 2132/377/289 2131/372/289
f 2141/358/289 2138/361/289 2135/361/289 2136/358/289
f 2140/364/290 2139/367/290 2137/367/290 2134/364/290
f 2139/359/288 2141/358/288 2136/358/288 2137/359/288
f 2140/364/290 2134/364/290 2142/364/290 2145/364/290
f 2086/361/292 2085/364/292 2140/364/292 2138/361/292
f 2083/359/288 2084/358/288 2141/358/288 2139/359/288
f 2085/364/290 2083/367/290 2139/367/290 2140/364/290
f 2084/358/289 2086/361/289 2138/361/289 2141/358/289
f 2144/361/292 2145/364/292 2142/364/292 2143/361/292
f 2134/364/294 2135/361/294 2143/361/294 2142/364/294
f 2138/361/291 2140/364/291 2145/364/291 2144/361/291
f 2135/361/289 2138/361/289 2144/361/289 2143/361/289
f 2125/372/308 2126/373/308 2147/373/308 2146/372/308
f 2126/373/289 2130/375/289 2148/375/289 2147/373/289
f 2149/356/288 2151/357/288 2152/358/288 2150/359/288
f 2151/357/289 2155/360/289 2156/361/289 2152/358/289
f 2198/362/289 2199/363/289 2154/364/289 2153/365/289
f 2153/365/290 2149/366/290 2150/367/290 2154/364/290
f 2151/368/291 2149/369/291 2153/365/291 2155/360/291
f 2156/361/289 2160/361/289 2158/358/289 2152/358/289
f 2171/364/288 2172/361/288 2180/361/288 2179/364/288
f 2154/364/292 2159/364/292 2160/361/292 2156/361/292
f 2152/358/288 2158/358/288 2157/359/288 2150/359/288
f 2150/367/290 2157/367/290 2159/364/290 2154/364/290
f 2197/370/293 2198/371/293 2153/365/293 2155/360/293
f 2163/357/290 2164/358/290 2168/361/290 2167/360/290
f 2167/360/288 2168/361/288 2166/364/288 2165/365/288
f 2165/365/289 2166/364/289 2162/367/289 2161/366/289
f 2163/368/294 2167/360/294 2165/365/294 2161/369/294
f 2168/361/290 2164/358/290 2170/358/290 2172/361/290
f 2209/361/292 2208/364/292 2175/364/292 2176/361/292
f 2166/364/288 2168/361/288 2172/361/288 2171/364/288
f 2164/358/292 2162/359/292 2169/359/292 2170/358/292
f 2162/367/289 2166/364/289 2171/364/289 2169/367/289
f 2199/372/295 2200/373/295 2156/361/295 2154/364/295
f 2200/373/290 2197/374/290 2155/360/290 2156/361/290
f 2180/361/290 2178/358/290 2186/358/290 2188/361/290
f 2177/367/289 2179/364/289 2187/364/289 2185/367/289
f 2211/359/288 2210/358/288 2174/358/288 2173/359/288
f 2170/358/292 2169/359/292 2177/359/292 2178/358/292
f 2208/364/290 2211/367/290 2173/367/290 2175/364/290
f 2169/367/289 2171/364/289 2179/364/289 2177/367/289
f 2210/358/289 2209/361/289 2176/361/289 2174/358/289
f 2172/361/290 2170/358/290 2178/358/290 2180/361/290
f 2184/361/296 2183/364/296 2191/364/296 2192/361/296
f 2185/367/289 2187/364/289 2195/364/289 2193/367/289
f 2175/364/290 2173/367/290 2181/367/290 2183/364/290
f 2174/358/289 2176/361/289 2184/361/289 2182/358/289
f 2179/364/297 2180/361/297 2188/361/297 2187/364/297
f 2178/358/298 2177/359/298 2185/359/298 2186/358/298
f 2176/361/299 2175/364/299 2183/364/299 2184/361/299
f 2173/359/300 2174/358/300 2182/358/300 2181/359/300
f 2194/358/301 2193/359/301 2191/364/301 2192/361/301
f 2181/359/302 2182/358/302 2190/358/302 2189/359/302
f 2183/364/290 2181/367/290 2189/367/290 2191/364/290
f 2182/358/289 2184/361/289 2192/361/289 2190/358/289
f 2196/361/290 2194/358/290 2192/361/290 2190/358/290
f 2188/361/290 2186/358/290 2194/358/290 2196/361/290
f 2187/364/303 2188/361/303 2196/361/303 2195/364/303
f 2186/358/304 2185/359/304 2193/359/304 2194/358/304
f 2193/367/289 2195/364/289 2189/367/289 2191/364/289
f 2195/364/305 2196/361/305 2190/358/305 2189/359/305
f 2204/375/290 2201/376/290 2197/374/290 2200/373/290
f 2203/377/306 2204/375/306 2200/373/306 2199/372/306
f 2201/378/307 2202/379/307 2198/371/307 2197/370/307
f 2202/380/289 2203/381/289 2199/363/289 2198/362/289
f 2161/366/289 2162/367/289 2203/381/289 2202/380/289
f 2163/368/293 2161/369/293 2202/379/293 2201/378/293
f 2162/359/295 2164/358/295 2204/375/295 2203/377/295
f 2164/358/290 2163/357/290 2201/376/290 2204/375/290
f 2203/377/308 2204/375/308 2207/375/308 2206/377/308
f 2199/372/289 2203/377/289 2206/377/289 2205/372/289
f 2215/358/289 2212/361/289 2209/361/289 2210/358/289
f 2214/364/290 2213/367/290 2211/367/290 2208/364/290
f 2213/359/288 2215/358/288 2210/358/288 2211/359/288
f 2214/364/290 2208/364/290 2216/364/290 2219/364/290
f 2160/361/292 2159/364/292 2214/364/292 2212/361/292
f 2157/359/288 2158/358/288 2215/358/288 2213/359/288
f 2159/364/290 2157/367/290 2213/367/290 2214/364/290
f 2158/358/289 2160/361/289 2212/361/289 2215/358/289
f 2218/361/292 2219/364/292 2216/364/292 2217/361/292
f 2208/364/294 2209/361/294 2217/361/294 2216/364/294
f 2212/361/291 2214/364/291 2219/364/291 2218/361/291
f 2209/361/289 2212/361/289 2218/361/289 2217/361/289
f 2199/372/308 2200/373/308 2221/373/308 2220/372/308
f 2200/373/289 2204/375/289 2222/375/289 2221/373/289
f 2223/356/288 2225/357/288 2226/358/288 2224/359/288
f 2225/357/289 2229/360/289 2230/361/289 2226/358/289
f 2272/362/289 2273/363/289 2228/364/289 2227/365/289
f 2227/365/290 2223/366/290 2224/367/290 2228/364/290
f 2225/368/291 2223/369/291 2227/365/291 2229/360/291
f 2230/361/289 2234/361/289 2232/358/289 2226/358/289
f 2245/364/288 2246/361/288 2254/361/288 2253/364/288
f 2228/364/292 2233/364/292 2234/361/292 2230/361/292
f 2226/358/288 2232/358/288 2231/359/288 2224/359/288
f 2224/367/290 2231/367/290 2233/364/290 2228/364/290
f 2271/370/293 2272/371/293 2227/365/293 2229/360/293
f 2237/357/290 2238/358/290 2242/361/290 2241/360/290
f 2241/360/288 2242/361/288 2240/364/288 2239/365/288
f 2239/365/289 2240/364/289 2236/367/289 2235/366/289
f 2237/368/294 2241/360/294 2239/365/294 2235/369/294
f 2242/361/290 2238/358/290 2244/358/290 2246/361/290
f 2283/361/292 2282/364/292 2249/364/292 2250/361/292
f 2240/364/288 2242/361/288 2246/361/288 2245/364/288
f 2238/358/292 2236/359/292 2243/359/292 2244/358/292
f 2236/367/289 2240/364/289 2245/364/289 2243/367/289
f 2273/372/295 2274/373/295 2230/361/295 2228/364/295
f 2274/373/290 2271/374/290 2229/360/290 2230/361/290
f 2254/361/290 2252/358/290 2260/358/290 2262/361/290
f 2251/367/289 2253/364/289 2261/364/289 2259/367/289
f 2285/359/288 2284/358/288 2248/358/288 2247/359/288
f 2244/358/292 2243/359/292 2251/359/292 2252/358/292
f 2282/364/290 2285/367/290 2247/367/290 2249/364/290
f 2243/367/289 2245/364/289 2253/364/289 2251/367/289
f 2284/358/289 2283/361/289 2250/361/289 2248/358/289
f 2246/361/290 2244/358/290 2252/358/290 2254/361/290
f 2258/361/296 2257/364/296 2265/364/296 2266/361/296
f 2259/367/289 2261/364/289 2269/364/289 2267/367/289
f 2249/364/290 2247/367/290 2255/367/290 2257/364/290
f 2248/358/289 2250/361/289 2258/361/289 2256/358/289
f 2253/364/297 2254/361/297 2262/361/297 2261/364/297
f 2252/358/298 2251/359/298 2259/359/298 2260/358/298
f 2250/361/299 2249/364/299 2257/364/299 2258/361/299
f 2247/359/300 2248/358/300 2256/358/300 2255/359/300
f 2268/358/301 2267/359/301 2265/364/301 2266/361/301
f 2255/359/302 2256/358/302 2264/358/302 2263/359/302
f 2257/364/290 2255/367/290 2263/367/290 2265/364/290
f 2256/358/289 2258/361/289 2266/361/289 2264/358/289
f 2270/361/290 2268/358/290 2266/361/290 2264/358/290
f 2262/361/290 2260/358/290 2268/358/290 2270/361/290
f 2261/364/303 2262/361/303 2270/361/303 2269/364/303
f 2260/358/304 2259/359/304 2267/359/304 2268/358/304
f 2267/367/289 2269/364/289 2263/367/289 2265/364/289
f 2269/364/305 2270/361/305 2264/358/305 2263/359/305
f 2278/375/290 2275/376/290 2271/374/290 2274/373/290
f 2277/377/306 2278/375/306 2274/373/306 2273/372/306
f 2275/378/307 2276/379/307 2272/371/307 2271/370/307
f 2276/380/289 2277/381/289 2273/363/289 2272/362/289
f 2235/366/289 2236/367/289 2277/381/289 2276/380/289
f 2237/368/293 2235/369/293 2276/379/293 2275/378/293
f 2236/359/295 2238/358/295 2278/375/295 2277/377/295
f 2238/358/290 2237/357/290 2275/376/290 2278/375/290
f 2277/377/308 2278/375/308 2281/375/308 2280/377/308
f 2273/372/289 2277/377/289 2280/377/289 2279/372/289
f 2289/358/289 2286/361/289 2283/361/289 2284/358/289
f 2288/364/290 2287/367/290 2285/367/290 2282/364/290
f 2287/359/288 2289/358/288 2284/358/288 2285/359/288
f 2288/364/290 2282/364/290 2290/364/290 2293/364/290
f 2234/361/292 2233/364/292 2288/364/292 2286/361/292
f 2231/359/288 2232/358/288 2289/358/288 2287/359/288
f 2233/364/290 2231/367/290 2287/367/290 2288/364/290
f 2232/358/289 2234/361/289 2286/361/289 2289/358/289
f 2292/361/292 2293/364/292 2290/364/292 2291/361/292
f 2282/364/294 2283/361/294 2291/361/294 2290/364/294
f 2286/361/291 2288/364/291 2293/364/291 2292/361/291
f 2283/361/289 2286/361/289 2292/361/289 2291/361/289
f 2273/372/308 2274/373/308 2295/373/308 2294/372/308
f 2274/373/289 2278/375/289 2296/375/289 2295/373/289
